[{"pk": 1, "model": "biegeFeesApp.programme", "fields": {"date_updated": "2014-01-27T18:36:40.820Z", "date_added": "2014-01-27T18:36:40.820Z", "name": "GENERAL SCIENCE"}}, {"pk": 2, "model": "biegeFeesApp.programme", "fields": {"date_updated": "2014-02-12T11:52:33.884Z", "date_added": "2014-01-27T18:36:50.406Z", "name": "GENERAL ART"}}, {"pk": 3, "model": "biegeFeesApp.programme", "fields": {"date_updated": "2014-01-27T18:37:00.461Z", "date_added": "2014-01-27T18:37:00.461Z", "name": "VISUAL ARTS"}}, {"pk": 4, "model": "biegeFeesApp.programme", "fields": {"date_updated": "2014-01-27T18:37:05.473Z", "date_added": "2014-01-27T18:37:05.473Z", "name": "BUSINESS"}}, {"pk": 1, "model": "biegeFeesApp.beigeschool", "fields": {"schoolID": "OPOK235064", "schoolType": "Public", "schoolName": "OPOKU WARE SENIOR HIGH SCHOOL", "date_updated": "2014-01-27T12:05:05.849Z", "phoneNumber": "0234657865", "location": "SANTASI ", "date_added": "2014-01-27T12:05:05.849Z", "tel_no": null, "postalAddress": "P.O.BOX 434 KSI-ADUM ", "programmes": [], "schoolName_short": null, "email_add": null}}, {"pk": 2, "model": "biegeFeesApp.beigeschool", "fields": {"schoolID": "PREM325069", "schoolType": "Public", "schoolName": "PREMPEH COLLEGE", "date_updated": "2014-01-28T10:39:54.035Z", "phoneNumber": "02346572638", "location": "KUMASI-KWADASO ", "date_added": "2014-01-28T10:39:54.035Z", "tel_no": null, "postalAddress": "P.O.BOX 43 KSI ", "programmes": [], "schoolName_short": null, "email_add": null}}, {"pk": 4, "model": "biegeFeesApp.beigeschool", "fields": {"schoolID": "T.I.108350", "schoolType": "Public", "schoolName": "T.I. Ahmadiyya Senior High School", "date_updated": "2014-02-04T10:37:52.632Z", "phoneNumber": "0244627224", "location": " FOMENA", "date_added": "2014-02-04T10:37:52.632Z", "tel_no": null, "postalAddress": " P.O.BOX KSI 422", "programmes": [], "schoolName_short": "T.I AMASS", "email_add": null}}, {"pk": 5, "model": "biegeFeesApp.beigeschool", "fields": {"schoolID": "KUMA238667", "schoolType": "Public", "schoolName": "Kumasi Girls Secondary School", "date_updated": "2014-02-04T10:40:17.954Z", "phoneNumber": "0232343455", "location": " Abrepo-Kumas", "date_added": "2014-02-04T10:40:17.954Z", "tel_no": null, "postalAddress": "P.O.BOX KSI 43 ", "programmes": [], "schoolName_short": "KGSC", "email_add": null}}, {"pk": 6, "model": "biegeFeesApp.beigeschool", "fields": {"schoolID": "ST. 235140", "schoolType": "Public", "schoolName": "St. Louis Secondary School", "date_updated": "2014-02-04T10:48:29.001Z", "phoneNumber": "02334347334", "location": "ODUOM ", "date_added": "2014-02-04T10:48:29.001Z", "tel_no": null, "postalAddress": " P.O.BOX KSI 433", "programmes": [], "schoolName_short": "St. Louis", "email_add": null}}, {"pk": 7, "model": "biegeFeesApp.beigeschool", "fields": {"schoolID": "HOLY136160", "schoolType": "Public", "schoolName": "Holy Child Secondary School", "date_updated": "2014-02-04T10:51:15.570Z", "phoneNumber": "0335725273", "location": "CAPE COAST ", "date_added": "2014-02-04T10:51:15.569Z", "tel_no": null, "postalAddress": "P.O.BOX RT 352 ", "programmes": [], "schoolName_short": "HOLY CO", "email_add": null}}, {"pk": 8, "model": "biegeFeesApp.beigeschool", "fields": {"schoolID": "WESL167633", "schoolType": "Public", "schoolName": "Wesley Girls' High School", "date_updated": "2014-02-04T10:53:02.924Z", "phoneNumber": "0346376562", "location": "CAPE COAST ", "date_added": "2014-02-04T10:53:02.924Z", "tel_no": null, "postalAddress": "P.O.BOX 453 ", "programmes": [], "schoolName_short": "GEYHEY", "email_add": null}}, {"pk": 10, "model": "biegeFeesApp.beigeschool", "fields": {"schoolID": "MOZA408236", "schoolType": "Public", "schoolName": "Mozano Experimental Senior High School", "date_updated": "2014-02-04T11:02:11.821Z", "phoneNumber": "02372372665", "location": "KUMASI ", "date_added": "2014-02-04T11:02:11.821Z", "tel_no": null, "postalAddress": "P.O.BOX HS 436 ", "programmes": [], "schoolName_short": "M.E.S.H.S", "email_add": null}}, {"pk": 11, "model": "biegeFeesApp.beigeschool", "fields": {"schoolID": "MFAN128334", "schoolType": "Public", "schoolName": "Mfantsiman Girls Secondary School", "date_updated": "2014-02-04T11:04:34.740Z", "phoneNumber": "0234347371", "location": "SALTPOND ", "date_added": "2014-02-04T11:04:34.740Z", "tel_no": null, "postalAddress": "P.O.BOX 43  ", "programmes": [], "schoolName_short": "MGSS", "email_add": null}}, {"pk": 12, "model": "biegeFeesApp.beigeschool", "fields": {"schoolID": "BOA-388553", "schoolType": "Public", "schoolName": "Boa-Amponsem SecSecondary School", "date_updated": "2014-02-04T11:05:43.992Z", "phoneNumber": "0348348347", "location": "LOC ", "date_added": "2014-02-04T11:05:43.992Z", "tel_no": null, "postalAddress": "P.O.BOX 43 ", "programmes": [], "schoolName_short": "BASS", "email_add": null}}, {"pk": 13, "model": "biegeFeesApp.beigeschool", "fields": {"schoolID": "ST. 237874", "schoolType": "Public", "schoolName": "St. Andrew's College", "date_updated": "2014-03-03T10:00:14.172Z", "phoneNumber": "0232334545", "location": "DUNKWA ", "date_added": "2014-03-03T10:00:14.172Z", "tel_no": "", "postalAddress": "P.O.BOX 5467 ", "programmes": [], "schoolName_short": "St. Andrew's", "email_add": ""}}, {"pk": 14, "model": "biegeFeesApp.beigeschool", "fields": {"schoolID": "PRES385453", "schoolType": "Public", "schoolName": "Presbyterian Boys Senior High School", "date_updated": "2014-02-04T11:52:03.602Z", "phoneNumber": "023237262", "location": "LEGON ", "date_added": "2014-02-04T11:52:03.602Z", "tel_no": null, "postalAddress": "P.O.BOX 42 LG  ", "programmes": [], "schoolName_short": "PRESEC", "email_add": null}}, {"pk": 15, "model": "biegeFeesApp.beigeschool", "fields": {"schoolID": "AKOS317930", "schoolType": "Public", "schoolName": "Akosombo International School", "date_updated": "2014-03-03T10:21:16.354Z", "phoneNumber": "0232334545", "location": "akosombo", "date_added": "2014-03-03T10:21:13.680Z", "tel_no": "0232334545", "postalAddress": "asdsada", "programmes": [], "schoolName_short": "AIS", "email_add": "ais@yahoo.com"}}, {"pk": 17, "model": "biegeFeesApp.beigeschool", "fields": {"schoolID": "ALPH276639", "schoolType": "Private", "schoolName": "Alpha Beta Christian College", "date_updated": "2014-03-03T10:21:02.197Z", "phoneNumber": "0232334548", "location": "Accra", "date_added": "2014-03-03T10:20:59.717Z", "tel_no": "0232334587", "postalAddress": "dsgs", "programmes": [], "schoolName_short": "ABCC", "email_add": "alphas@r.com"}}, {"pk": 18, "model": "biegeFeesApp.beigeschool", "fields": {"schoolID": "APAM318055", "schoolType": "Public", "schoolName": "APAM SENIOR HIGH SCHOOL", "date_updated": "2014-03-04T15:41:36.726Z", "phoneNumber": "0236563573", "location": "ampam", "date_added": "2014-03-04T15:41:36.726Z", "tel_no": "0302343553", "postalAddress": "P.O.BOX 34 AMP ", "programmes": [], "schoolName_short": "AMPASCO", "email_add": "amp234@gmail.com"}}, {"pk": 19, "model": "biegeFeesApp.beigeschool", "fields": {"schoolID": "ACCR117038", "schoolType": "Public", "schoolName": "ACCRA ACADEMY SENIOR HIGH SCHOOL", "date_updated": "2014-03-04T15:52:40.437Z", "phoneNumber": "0237436372", "location": "accra", "date_added": "2014-03-04T15:52:40.437Z", "tel_no": "0309797882", "postalAddress": "P.O.BOX 78 ", "programmes": [], "schoolName_short": "ACCRA ACA", "email_add": "accra@gmail.com"}}, {"pk": 20, "model": "biegeFeesApp.beigeschool", "fields": {"schoolID": "LINC256449", "schoolType": "Private", "schoolName": "LINCOLN INTERNATIONAL", "date_updated": "2014-03-04T15:58:25.425Z", "phoneNumber": "0323423243", "location": "accra", "date_added": "2014-03-04T15:58:25.425Z", "tel_no": "0329348382", "postalAddress": "P.O.BOX 432 ", "programmes": [], "schoolName_short": "LIS", "email_add": "licn@gmail.com"}}, {"pk": 21, "model": "biegeFeesApp.beigeschool", "fields": {"schoolID": "ASAM245055", "schoolType": "Public", "schoolName": "asamoah senior high schoo", "date_updated": "2014-03-04T15:59:47.617Z", "phoneNumber": "0234836483", "location": "accra", "date_added": "2014-03-04T15:59:47.617Z", "tel_no": "0234393734", "postalAddress": "p.o.nsd 23 ", "programmes": [], "schoolName_short": "asasas", "email_add": "asas@gmail.com"}}, {"pk": 22, "model": "biegeFeesApp.beigeschool", "fields": {"schoolID": "GALO115056", "schoolType": "Public", "schoolName": "Galore Intl SHS", "date_updated": "2014-03-11T12:07:26.972Z", "phoneNumber": "galoreiiii", "location": "sfsd", "date_added": "2014-03-11T12:07:00.113Z", "tel_no": "galoreiiii", "postalAddress": "PMB Accra", "programmes": [], "schoolName_short": "Galosco", "email_add": "m@y.com"}}, {"pk": 1, "model": "biegeFeesApp.branch", "fields": {"tel": "0234124434,01242323342", "date_updated": "2014-01-27T18:48:03.702Z", "branch_name": "PANTANG BRANCH", "last_updated_by": "beige", "address": "P.O.BOX 132 KSI", "date_added": "2014-01-27T18:37:48.149Z", "added_by": "beige"}}, {"pk": 2, "model": "biegeFeesApp.branch", "fields": {"tel": "023233434,232323232", "date_updated": "2014-01-27T18:47:58.990Z", "branch_name": "MADINA BRANCH", "last_updated_by": "beige", "address": "P.O.BOX 212 LG", "date_added": "2014-01-27T18:38:12.791Z", "added_by": "beige"}}, {"pk": 3, "model": "biegeFeesApp.branch", "fields": {"tel": "0234343432,232723299", "date_updated": "2014-03-03T10:18:57.800Z", "branch_name": "KUTUNSE BRANCH", "last_updated_by": "beige", "address": "P.O.BOX 323 LG ACCRA", "date_added": "2014-03-03T10:18:55.784Z", "added_by": "beige"}}, {"pk": 4, "model": "biegeFeesApp.branch", "fields": {"tel": "0234543434,23232132123", "date_updated": "2014-03-03T10:19:22.252Z", "branch_name": "ADENTA BRANCH", "last_updated_by": "beige", "address": "P.O.BOX 43 KSI", "date_added": "2014-03-03T10:19:20.824Z", "added_by": "beige"}}, {"pk": 5, "model": "biegeFeesApp.branch", "fields": {"tel": "023343453,0306257514", "date_updated": "2014-02-06T13:31:23.246Z", "branch_name": "DASOMAN BRANCH", "last_updated_by": "beige", "address": "DASOMAN", "date_added": "2014-02-06T13:31:21.117Z", "added_by": "beige"}}, {"pk": 1, "model": "biegeFeesApp.beigeuser", "fields": {"username": "berty", "first_name": "BERTY", "last_name": "OSEI", "date_updated": "2014-01-27T19:40:39.990Z", "last_updated_by": "beige", "branch": 1, "mobile_number": "0234123432", "date_added": "2014-01-27T19:40:39.990Z", "email": "berty43@yahoo.com", "added_by": "beige"}}, {"pk": 2, "model": "biegeFeesApp.beigeuser", "fields": {"username": "belinda", "first_name": "BELINDA", "last_name": "AMA", "date_updated": "2014-01-27T23:53:47.936Z", "last_updated_by": "beige", "branch": 2, "mobile_number": "0234572294", "date_added": "2014-01-27T23:53:47.936Z", "email": "belinda244@yahoo.com", "added_by": "beige"}}, {"pk": 5, "model": "biegeFeesApp.beigeuser", "fields": {"username": "gal", "first_name": "galoe", "last_name": "haah", "date_updated": "2014-02-11T10:03:22.579Z", "last_updated_by": "beige", "branch": 1, "mobile_number": "adha", "date_added": "2014-02-11T10:03:22.579Z", "email": "agst@yahoo.com", "added_by": "beige"}}, {"pk": 6, "model": "biegeFeesApp.beigeuser", "fields": {"username": "berty1", "first_name": "berty1", "last_name": "hadga", "date_updated": "2014-03-03T15:00:53.274Z", "last_updated_by": "beige", "branch": 1, "mobile_number": "02382387347", "date_added": "2014-03-03T15:00:53.274Z", "email": "dfd@gmail.cok", "added_by": "beige"}}, {"pk": 7, "model": "biegeFeesApp.beigeuser", "fields": {"username": "philip", "first_name": "Philip", "last_name": "asamoah", "date_updated": "2014-03-04T15:27:59.238Z", "last_updated_by": "beige", "branch": 5, "mobile_number": "02343262327", "date_added": "2014-03-04T15:27:59.238Z", "email": "philipasamoah@gmail.com", "added_by": "beige"}}, {"pk": 1, "model": "biegeFeesApp.students", "fields": {"mobile_guardian": "0248302860", "schoolID": 1, "surname": "YEBOAH", "email_of_guardian": "stephenamponsah508@gmail.com", "date_added": "2014-01-27T13:45:59Z", "Guardian_name": "Mr yeboah", "gender": "Male", "othername": "JOSEPH", "order": 0, "residential_address": "P.O.BOX 3232 KSI ", "dateOfBirth": "2010-01-04", "studentID": "BJ90", "date_updated": "2014-03-05T09:56:09.662Z", "mobile_number": "023457634", "Nationality": "GH", "age": null, "email": "yeboah@gmail.com", "programme": ""}}, {"pk": 2, "model": "biegeFeesApp.students", "fields": {"mobile_guardian": "", "schoolID": 2, "surname": "TWUM", "email_of_guardian": "", "date_added": "2014-01-28T10:47:33Z", "Guardian_name": "", "gender": "Male", "othername": "PHILIP", "order": 0, "residential_address": "P.O.BOX 321 KSI ", "dateOfBirth": "2007-02-06", "studentID": "PREM258433", "date_updated": "2014-02-11T12:41:08.424Z", "mobile_number": "0234673522", "Nationality": "GH", "age": null, "email": "twum433@gmail.com", "programme": ""}}, {"pk": 4, "model": "biegeFeesApp.students", "fields": {"mobile_guardian": "", "schoolID": 1, "surname": "AMPONSAH", "email_of_guardian": "", "date_added": "2014-01-27T13:45:59Z", "Guardian_name": "", "gender": "Male", "othername": "KWAKYE", "order": 0, "residential_address": "p.O.BOX 232 ", "dateOfBirth": "2010-01-04", "studentID": "BJ501", "date_updated": "2014-03-05T09:56:09.338Z", "mobile_number": "3434773.0", "Nationality": "GH", "age": null, "email": "ya@hoo.com", "programme": ""}}, {"pk": 5, "model": "biegeFeesApp.students", "fields": {"mobile_guardian": "", "schoolID": 2, "surname": "berlinda", "email_of_guardian": "", "date_added": "2014-01-27T13:45:59Z", "Guardian_name": "", "gender": "Male", "othername": "arquah", "order": 0, "residential_address": "P.OSDSD", "dateOfBirth": "1997-01-03", "studentID": "PREM258443", "date_updated": "2014-02-11T12:41:08.848Z", "mobile_number": "34346728.0", "Nationality": "GH", "age": null, "email": "sben@y.com", "programme": ""}}, {"pk": 6, "model": "biegeFeesApp.students", "fields": {"mobile_guardian": "", "schoolID": 1, "surname": "AMPONSAH", "email_of_guardian": "", "date_added": "2014-01-31T19:14:16Z", "Guardian_name": "", "gender": "Male", "othername": "PHILIP", "order": 0, "residential_address": "P.O.BOX 321 KSI ", "dateOfBirth": "1997-01-03", "studentID": "BH473", "date_updated": "2014-03-04T13:41:42.079Z", "mobile_number": "023843747", "Nationality": "GH", "age": null, "email": "wtwum433@gmail.com", "programme": ""}}, {"pk": 7, "model": "biegeFeesApp.students", "fields": {"mobile_guardian": "", "schoolID": 1, "surname": "APITUO", "email_of_guardian": "", "date_added": "2014-02-10T12:56:26Z", "Guardian_name": "", "gender": "Male", "othername": "AMOAH", "order": 0, "residential_address": " A", "dateOfBirth": "2012-02-07", "studentID": "OPOK285761", "date_updated": "2014-02-11T12:41:07.099Z", "mobile_number": "0232334545", "Nationality": "GH", "age": null, "email": "skamponsah@st.ug.edu.gh", "programme": ""}}, {"pk": 8, "model": "biegeFeesApp.students", "fields": {"mobile_guardian": "", "schoolID": 1, "surname": "Africa Baah", "email_of_guardian": "", "date_added": "2014-02-10T14:36:54Z", "Guardian_name": "", "gender": "Male", "othername": "Kwadwo ", "order": 0, "residential_address": " ", "dateOfBirth": null, "studentID": "OPOK317159", "date_updated": "2014-02-11T12:41:06.666Z", "mobile_number": "0232334545", "Nationality": "BM", "age": null, "email": "sbenaa@y.com", "programme": ""}}, {"pk": 9, "model": "biegeFeesApp.students", "fields": {"mobile_guardian": "", "schoolID": 1, "surname": " Dapaah", "email_of_guardian": "", "date_added": "2014-02-10T14:53:03Z", "Guardian_name": "", "gender": "Male", "othername": "Nana Yaw", "order": 0, "residential_address": " ", "dateOfBirth": null, "studentID": "OPOK228145", "date_updated": "2014-02-11T12:41:06.241Z", "mobile_number": "0232334547", "Nationality": "AF", "age": null, "email": "sttt@y.com", "programme": ""}}, {"pk": 10, "model": "biegeFeesApp.students", "fields": {"mobile_guardian": "", "schoolID": 1, "surname": "Effum", "email_of_guardian": "", "date_added": "2014-02-10T14:55:23Z", "Guardian_name": "", "gender": "Male", "othername": "Benjamin ", "order": 0, "residential_address": " ", "dateOfBirth": null, "studentID": "OPOK335642", "date_updated": "2014-02-11T12:41:05.840Z", "mobile_number": "0232343455", "Nationality": "AF", "age": null, "email": "skampddonsah@st.ug.edu.gh", "programme": ""}}, {"pk": 11, "model": "biegeFeesApp.students", "fields": {"mobile_guardian": "", "schoolID": 1, "surname": "Effum", "email_of_guardian": "", "date_added": "2014-02-10T15:00:29Z", "Guardian_name": "", "gender": "Male", "othername": "Benjamin ", "order": 0, "residential_address": " ", "dateOfBirth": null, "studentID": "OPOK378861", "date_updated": "2014-02-11T12:41:05.472Z", "mobile_number": "0232343455", "Nationality": "AF", "age": null, "email": "skampddondddsah@st.ug.edu.gh", "programme": ""}}, {"pk": 12, "model": "biegeFeesApp.students", "fields": {"mobile_guardian": "", "schoolID": 1, "surname": "Effum", "email_of_guardian": "", "date_added": "2014-02-10T15:01:57Z", "Guardian_name": "", "gender": "Male", "othername": "Benjamin ", "order": 0, "residential_address": " ", "dateOfBirth": null, "studentID": "OPOK107450", "date_updated": "2014-02-11T12:41:05.121Z", "mobile_number": "0232343455", "Nationality": "AF", "age": null, "email": "skampddonduuuddsah@st.ug.edu.gh", "programme": ""}}, {"pk": 13, "model": "biegeFeesApp.students", "fields": {"mobile_guardian": "", "schoolID": 1, "surname": "Effum", "email_of_guardian": "stephenamponsah508@gmail.com", "date_added": "2014-02-10T15:05:37Z", "Guardian_name": "", "gender": "Male", "othername": "Benjamin ", "order": 0, "residential_address": "", "dateOfBirth": null, "studentID": "OPOK157675", "date_updated": "2014-02-11T12:41:04.769Z", "mobile_number": "0232343455", "Nationality": "AF", "age": null, "email": "skampddiuuuonduuuddsah@st.ug.edu.gh", "programme": ""}}, {"pk": 14, "model": "biegeFeesApp.students", "fields": {"mobile_guardian": "0248302860", "schoolID": 1, "surname": "Ayiquaye", "email_of_guardian": "stephenamponsah508@gmail.com", "date_added": "2014-02-10T16:20:00Z", "Guardian_name": "stephen amponsah", "gender": "Male", "othername": "Nii ", "order": 0, "residential_address": " ", "dateOfBirth": null, "studentID": "OPOK176456", "date_updated": "2014-02-11T12:41:04.265Z", "mobile_number": "0232334545", "Nationality": "GH", "age": null, "email": "sben@y.com", "programme": ""}}, {"pk": 16, "model": "biegeFeesApp.students", "fields": {"mobile_guardian": "", "schoolID": 12, "surname": "kyerewaa", "email_of_guardian": "", "date_added": "2014-03-03T14:50:43.727Z", "Guardian_name": "", "gender": "Female", "othername": "bridget", "order": 0, "residential_address": "", "dateOfBirth": null, "studentID": "1243ME1", "date_updated": "2014-03-03T21:38:43.386Z", "mobile_number": "", "Nationality": "GH", "age": null, "email": "", "programme": ""}}, {"pk": 17, "model": "biegeFeesApp.students", "fields": {"mobile_guardian": "None", "schoolID": 4, "surname": "asamoah", "email_of_guardian": "None", "date_added": "2014-03-03T15:09:24.519Z", "Guardian_name": "None", "gender": "", "othername": "gyan", "order": 0, "residential_address": null, "dateOfBirth": null, "studentID": "103927282", "date_updated": "2014-03-03T15:09:24.519Z", "mobile_number": null, "Nationality": "GH", "age": null, "email": null, "programme": null}}, {"pk": 19, "model": "biegeFeesApp.students", "fields": {"mobile_guardian": "None", "schoolID": 4, "surname": "asamoah", "email_of_guardian": "None", "date_added": "2014-03-03T15:09:57.518Z", "Guardian_name": "None", "gender": "", "othername": "gyan", "order": 0, "residential_address": null, "dateOfBirth": null, "studentID": "10392728221", "date_updated": "2014-03-03T15:09:57.518Z", "mobile_number": null, "Nationality": "GH", "age": null, "email": null, "programme": null}}, {"pk": 20, "model": "biegeFeesApp.students", "fields": {"mobile_guardian": "None", "schoolID": 2, "surname": "twum", "email_of_guardian": "None", "date_added": "2014-03-03T15:33:15.145Z", "Guardian_name": "None", "gender": "", "othername": "berima", "order": 0, "residential_address": null, "dateOfBirth": null, "studentID": "10392728562", "date_updated": "2014-03-03T15:33:15.146Z", "mobile_number": null, "Nationality": "GH", "age": null, "email": null, "programme": null}}, {"pk": 24, "model": "biegeFeesApp.students", "fields": {"mobile_guardian": "None", "schoolID": 1, "surname": "YEBOAH", "email_of_guardian": "None", "date_added": "2014-03-03T15:56:44Z", "Guardian_name": "None", "gender": "", "othername": "PHILIP", "order": 0, "residential_address": "", "dateOfBirth": null, "studentID": "BJ91", "date_updated": "2014-03-05T09:56:09.008Z", "mobile_number": "", "Nationality": "GH", "age": null, "email": "", "programme": ""}}, {"pk": 26, "model": "biegeFeesApp.students", "fields": {"mobile_guardian": "None", "schoolID": 1, "surname": "Amponsah", "email_of_guardian": "None", "date_added": "2014-03-03T21:25:41.988Z", "Guardian_name": "None", "gender": "", "othername": "Ntiamoah Yaw", "order": 0, "residential_address": null, "dateOfBirth": null, "studentID": "BH56", "date_updated": "2014-03-03T21:25:41.988Z", "mobile_number": null, "Nationality": "GH", "age": null, "email": null, "programme": null}}, {"pk": 27, "model": "biegeFeesApp.students", "fields": {"mobile_guardian": null, "schoolID": 7, "surname": "amoakohene", "email_of_guardian": null, "date_added": "2014-03-03T21:42:47.981Z", "Guardian_name": null, "gender": "", "othername": "peace", "order": 0, "residential_address": null, "dateOfBirth": null, "studentID": "98238", "date_updated": "2014-03-03T21:42:47.981Z", "mobile_number": null, "Nationality": "GH", "age": null, "email": null, "programme": null}}, {"pk": 29, "model": "biegeFeesApp.students", "fields": {"mobile_guardian": null, "schoolID": 4, "surname": "Effum", "email_of_guardian": null, "date_added": "2014-03-04T10:08:43.484Z", "Guardian_name": null, "gender": "", "othername": "amponsah", "order": 0, "residential_address": null, "dateOfBirth": null, "studentID": "43432", "date_updated": "2014-03-04T10:08:43.485Z", "mobile_number": null, "Nationality": "GH", "age": null, "email": null, "programme": null}}, {"pk": 31, "model": "biegeFeesApp.students", "fields": {"mobile_guardian": null, "schoolID": 13, "surname": "TWUM", "email_of_guardian": null, "date_added": "2014-03-04T13:15:15.963Z", "Guardian_name": null, "gender": "", "othername": "AMOAKO", "order": 0, "residential_address": null, "dateOfBirth": null, "studentID": "AQ67", "date_updated": "2014-03-04T13:15:15.963Z", "mobile_number": null, "Nationality": "GH", "age": null, "email": null, "programme": null}}, {"pk": 32, "model": "biegeFeesApp.students", "fields": {"mobile_guardian": null, "schoolID": 7, "surname": "Ablometi", "email_of_guardian": null, "date_added": "2014-03-04T15:00:34.634Z", "Guardian_name": null, "gender": "", "othername": "Alberta", "order": 0, "residential_address": null, "dateOfBirth": null, "studentID": "10302001", "date_updated": "2014-03-04T15:00:34.634Z", "mobile_number": null, "Nationality": "GH", "age": null, "email": null, "programme": null}}, {"pk": 33, "model": "biegeFeesApp.students", "fields": {"mobile_guardian": null, "schoolID": 6, "surname": "Robbie", "email_of_guardian": null, "date_added": "2014-03-05T09:45:09.927Z", "Guardian_name": null, "gender": "", "othername": "Whyte", "order": 0, "residential_address": null, "dateOfBirth": null, "studentID": "AQ1221", "date_updated": "2014-03-05T09:45:09.928Z", "mobile_number": null, "Nationality": "GH", "age": null, "email": null, "programme": null}}, {"pk": 34, "model": "biegeFeesApp.students", "fields": {"mobile_guardian": null, "schoolID": 1, "surname": "bernard", "email_of_guardian": null, "date_added": "2014-03-05T10:53:53.630Z", "Guardian_name": null, "gender": "", "othername": "philip", "order": 0, "residential_address": null, "dateOfBirth": null, "studentID": "BK78", "date_updated": "2014-03-05T10:53:53.630Z", "mobile_number": null, "Nationality": "GH", "age": null, "email": null, "programme": null}}, {"pk": 35, "model": "biegeFeesApp.students", "fields": {"mobile_guardian": null, "schoolID": 6, "surname": "testing", "email_of_guardian": null, "date_added": "2014-03-05T10:56:05.176Z", "Guardian_name": null, "gender": "", "othername": "testing", "order": 0, "residential_address": null, "dateOfBirth": null, "studentID": "00E234", "date_updated": "2014-03-05T10:56:05.176Z", "mobile_number": null, "Nationality": "GH", "age": null, "email": null, "programme": null}}, {"pk": 1, "model": "biegeFeesApp.feescategory", "fields": {"date_updated": "2014-01-27T18:36:11.551Z", "date_added": "2014-01-27T18:36:11.551Z", "name": "SCHOOL FEES"}}, {"pk": 2, "model": "biegeFeesApp.feescategory", "fields": {"date_updated": "2014-01-27T18:36:17.759Z", "date_added": "2014-01-27T18:36:17.759Z", "name": "PTA DUES"}}, {"pk": 3, "model": "biegeFeesApp.feescategory", "fields": {"date_updated": "2014-02-06T15:08:44.652Z", "date_added": "2014-02-06T15:08:44.652Z", "name": "TRANSCRIPT FEES"}}, {"pk": 1, "model": "biegeFeesApp.schoolusers", "fields": {"username": "owass-1", "School": 1, "last_name": "amponsah", "date_updated": "2014-01-27T12:07:30.208Z", "first_name": "stephen", "mobile_number": "0234231432", "date_added": "2014-01-27T12:07:30.208Z", "email": "stephenamponsah@gmail.com"}}, {"pk": 7, "model": "biegeFeesApp.schoolusers", "fields": {"username": "han", "School": 1, "last_name": "ahash", "date_updated": "2014-02-11T09:47:47.432Z", "first_name": "hah", "mobile_number": "0232334587", "date_added": "2014-02-11T09:47:47.432Z", "email": "at@y.com"}}, {"pk": 8, "model": "biegeFeesApp.schoolusers", "fields": {"username": "the", "School": 2, "last_name": "hsder", "date_updated": "2014-02-11T09:52:49.889Z", "first_name": "stepasa", "mobile_number": "0243434734", "date_added": "2014-02-11T09:52:49.889Z", "email": "sbeeen@y.com"}}, {"pk": 9, "model": "biegeFeesApp.schoolusers", "fields": {"username": "fan", "School": 2, "last_name": "ashasg", "date_updated": "2014-02-11T09:56:00.204Z", "first_name": "fun", "mobile_number": "0232323222", "date_added": "2014-02-11T09:56:00.204Z", "email": "sts@u.com"}}, {"pk": 10, "model": "biegeFeesApp.schoolusers", "fields": {"username": "bernards", "School": 2, "last_name": "sdgsdg", "date_updated": "2014-02-11T09:58:40.477Z", "first_name": "ashas", "mobile_number": "0232343489", "date_added": "2014-02-11T09:58:40.476Z", "email": "stepiiihane@yahoo.com"}}, {"pk": 11, "model": "biegeFeesApp.schoolusers", "fields": {"username": "pearl", "School": 7, "last_name": "hammond", "date_updated": "2014-03-04T15:25:38.519Z", "first_name": "pearl", "mobile_number": "0245678909", "date_added": "2014-03-04T15:25:38.519Z", "email": "pearlhammond@gmail.com"}}, {"pk": 1, "model": "biegeFeesApp.fees_category_school", "fields": {"status": true, "School": 1, "expected_amount": 750.0, "Name": "SCHOOL FEES", "date_updated": "2014-02-10T15:13:20.598Z", "academic_year": "2013-2014", "created_by": "beige", "from_date": "2014-02-05", "last_updated_by": "beige", "to_date": "2014-05-23", "date_created": "2014-01-27T23:31:37.711Z"}}, {"pk": 2, "model": "biegeFeesApp.fees_category_school", "fields": {"status": true, "School": 1, "expected_amount": 305.0, "Name": "PTA DUES", "date_updated": "2014-02-10T12:26:57.060Z", "academic_year": "2013-2014", "created_by": "beige", "from_date": "2014-01-19", "last_updated_by": "beige", "to_date": "2014-06-28", "date_created": "2014-01-27T23:48:58.155Z"}}, {"pk": 3, "model": "biegeFeesApp.fees_category_school", "fields": {"status": false, "School": 2, "expected_amount": 600.5, "Name": "SCHOOL FEES", "date_updated": "2014-02-12T10:43:28.881Z", "academic_year": "2013-2014", "created_by": "beige", "from_date": "2014-01-19", "last_updated_by": "beige", "to_date": "2014-06-28", "date_created": "2014-01-28T10:50:53.525Z"}}, {"pk": 5, "model": "biegeFeesApp.fees_category_school", "fields": {"status": true, "School": 14, "expected_amount": 400.0, "Name": "SCHOOL FEES", "date_updated": "2014-02-10T12:24:58.449Z", "academic_year": "2013-2014", "created_by": "beige", "from_date": "2014-03-05", "last_updated_by": "beige", "to_date": "2014-04-11", "date_created": "2014-02-06T15:01:10.262Z"}}, {"pk": 6, "model": "biegeFeesApp.fees_category_school", "fields": {"status": false, "School": 2, "expected_amount": 500.0, "Name": "SCHOOL FEES", "date_updated": "2014-02-12T10:43:19.082Z", "academic_year": "2014-2015", "created_by": "beige", "from_date": "2014-01-06", "last_updated_by": "beige", "to_date": "2014-03-27", "date_created": "2014-02-10T12:28:10.110Z"}}, {"pk": 1, "model": "biegeFeesApp.beigetransaction", "fields": {"payment_by": null, "studentID": 1, "form": "", "date_updated": "2014-01-27T19:41:34.471Z", "otherFeesType": null, "tellerID": 1, "amount": 234.32, "feesType": 1, "mobile_number": "", "date_added": "2014-01-27T19:41:34.470Z", "transactionID": "BEI376543762TXN"}}, {"pk": 2, "model": "biegeFeesApp.beigetransaction", "fields": {"payment_by": null, "studentID": 1, "form": "", "date_updated": "2014-01-27T19:45:44.415Z", "otherFeesType": null, "tellerID": 1, "amount": 432.12, "feesType": 1, "mobile_number": "", "date_added": "2014-01-27T19:45:44.415Z", "transactionID": "BEI162811702TXN"}}, {"pk": 3, "model": "biegeFeesApp.beigetransaction", "fields": {"payment_by": null, "studentID": 1, "form": "", "date_updated": "2014-01-27T20:06:10.368Z", "otherFeesType": null, "tellerID": 1, "amount": 879.9, "feesType": 2, "mobile_number": "", "date_added": "2014-01-27T20:06:10.368Z", "transactionID": "BEI379646721TXN"}}, {"pk": 4, "model": "biegeFeesApp.beigetransaction", "fields": {"payment_by": null, "studentID": 1, "form": "", "date_updated": "2014-01-27T20:07:13.099Z", "otherFeesType": null, "tellerID": 1, "amount": 444.8, "feesType": 2, "mobile_number": "", "date_added": "2014-01-27T20:07:13.099Z", "transactionID": "BEI240782582TXN"}}, {"pk": 5, "model": "biegeFeesApp.beigetransaction", "fields": {"payment_by": null, "studentID": 1, "form": "", "date_updated": "2014-01-27T20:11:41.505Z", "otherFeesType": null, "tellerID": 1, "amount": 787.9, "feesType": 1, "mobile_number": "", "date_added": "2014-01-27T20:11:41.505Z", "transactionID": "BEI234766767TXN"}}, {"pk": 6, "model": "biegeFeesApp.beigetransaction", "fields": {"payment_by": null, "studentID": 1, "form": "", "date_updated": "2014-01-27T20:13:08.507Z", "otherFeesType": null, "tellerID": 1, "amount": 554.7, "feesType": 1, "mobile_number": "", "date_added": "2014-01-27T20:13:08.507Z", "transactionID": "BEI342583592TXN"}}, {"pk": 7, "model": "biegeFeesApp.beigetransaction", "fields": {"payment_by": null, "studentID": 1, "form": "", "date_updated": "2014-01-27T20:14:07.865Z", "otherFeesType": null, "tellerID": 1, "amount": 7867.9, "feesType": 1, "mobile_number": "", "date_added": "2014-01-27T20:14:07.865Z", "transactionID": "BEI168783726TXN"}}, {"pk": 8, "model": "biegeFeesApp.beigetransaction", "fields": {"payment_by": null, "studentID": 1, "form": "", "date_updated": "2014-01-27T20:26:43.569Z", "otherFeesType": null, "tellerID": 1, "amount": 693.01, "feesType": 2, "mobile_number": "", "date_added": "2014-01-27T20:26:43.569Z", "transactionID": "BEI170718497TXN"}}, {"pk": 9, "model": "biegeFeesApp.beigetransaction", "fields": {"payment_by": "", "studentID": 1, "form": "", "date_updated": "2014-01-27T22:48:14.975Z", "otherFeesType": null, "tellerID": 1, "amount": 899.0, "feesType": 2, "mobile_number": "", "date_added": "2014-01-27T22:48:14.975Z", "transactionID": "BEI146600619TXN"}}, {"pk": 10, "model": "biegeFeesApp.beigetransaction", "fields": {"payment_by": "", "studentID": 1, "form": "", "date_updated": "2014-01-27T22:49:08.677Z", "otherFeesType": null, "tellerID": 1, "amount": 789.09, "feesType": 2, "mobile_number": "", "date_added": "2014-01-27T22:49:08.676Z", "transactionID": "BEI184597604TXN"}}, {"pk": 11, "model": "biegeFeesApp.beigetransaction", "fields": {"payment_by": "", "studentID": 1, "form": "", "date_updated": "2014-01-27T22:51:08.529Z", "otherFeesType": null, "tellerID": 1, "amount": 898.0, "feesType": 1, "mobile_number": "", "date_added": "2014-01-27T22:51:08.529Z", "transactionID": "BEI246776689TXN"}}, {"pk": 12, "model": "biegeFeesApp.beigetransaction", "fields": {"payment_by": "stephen", "studentID": 1, "form": "", "date_updated": "2014-01-27T22:53:12.894Z", "otherFeesType": null, "tellerID": 1, "amount": 898.9, "feesType": 1, "mobile_number": "", "date_added": "2014-01-27T22:53:12.894Z", "transactionID": "BEI265504592TXN"}}, {"pk": 13, "model": "biegeFeesApp.beigetransaction", "fields": {"payment_by": "Self", "studentID": 1, "form": "", "date_updated": "2014-01-27T22:57:07.379Z", "otherFeesType": null, "tellerID": 1, "amount": 32323.0, "feesType": 1, "mobile_number": "", "date_added": "2014-01-27T22:57:07.379Z", "transactionID": "BEI282657772TXN"}}, {"pk": 14, "model": "biegeFeesApp.beigetransaction", "fields": {"payment_by": "yeboah amponsah", "studentID": 1, "form": "", "date_updated": "2014-01-27T23:50:22.256Z", "otherFeesType": null, "tellerID": 1, "amount": 500.0, "feesType": 1, "mobile_number": "", "date_added": "2014-01-27T23:50:22.256Z", "transactionID": "BEI284879345TXN"}}, {"pk": 15, "model": "biegeFeesApp.beigetransaction", "fields": {"payment_by": "father", "studentID": 1, "form": "", "date_updated": "2014-01-27T23:57:00.429Z", "otherFeesType": null, "tellerID": 2, "amount": 250.0, "feesType": 2, "mobile_number": "", "date_added": "2014-01-27T23:57:00.429Z", "transactionID": "BEI308874781TXN"}}, {"pk": 16, "model": "biegeFeesApp.beigetransaction", "fields": {"payment_by": "Self", "studentID": 1, "form": "", "date_updated": "2014-01-27T23:57:38.414Z", "otherFeesType": null, "tellerID": 2, "amount": 787.0, "feesType": 1, "mobile_number": "", "date_added": "2014-01-27T23:57:38.414Z", "transactionID": "BEI122610441TXN"}}, {"pk": 17, "model": "biegeFeesApp.beigetransaction", "fields": {"payment_by": "Self", "studentID": 1, "form": "", "date_updated": "2014-01-28T08:55:18.382Z", "otherFeesType": null, "tellerID": 2, "amount": 433.0, "feesType": 2, "mobile_number": "", "date_added": "2014-01-28T08:55:18.382Z", "transactionID": "BEI307526457TXN"}}, {"pk": 18, "model": "biegeFeesApp.beigetransaction", "fields": {"payment_by": "Self", "studentID": 1, "form": "", "date_updated": "2014-01-28T10:34:29.589Z", "otherFeesType": null, "tellerID": 1, "amount": 323.0, "feesType": 1, "mobile_number": "", "date_added": "2014-01-28T10:34:29.589Z", "transactionID": "BEI258667530TXN"}}, {"pk": 19, "model": "biegeFeesApp.beigetransaction", "fields": {"payment_by": "JOSEPH BOAKYE", "studentID": 2, "form": "", "date_updated": "2014-01-28T10:53:42.529Z", "otherFeesType": null, "tellerID": 1, "amount": 600.5, "feesType": 1, "mobile_number": "", "date_added": "2014-01-28T10:53:42.528Z", "transactionID": "BEI185838311TXN"}}, {"pk": 20, "model": "biegeFeesApp.beigetransaction", "fields": {"payment_by": "boakye amponsah", "studentID": 2, "form": "", "date_updated": "2014-01-28T10:55:57.158Z", "otherFeesType": null, "tellerID": 2, "amount": 600.3, "feesType": 1, "mobile_number": "", "date_added": "2014-01-28T10:55:57.158Z", "transactionID": "BEI279652665TXN"}}, {"pk": 21, "model": "biegeFeesApp.beigetransaction", "fields": {"payment_by": "stella", "studentID": 2, "form": "", "date_updated": "2014-01-28T11:13:13.516Z", "otherFeesType": null, "tellerID": 1, "amount": 600.0, "feesType": 1, "mobile_number": "", "date_added": "2014-01-28T11:13:13.516Z", "transactionID": "BEI170679671TXN"}}, {"pk": 22, "model": "biegeFeesApp.beigetransaction", "fields": {"payment_by": "joe", "studentID": 1, "form": "", "date_updated": "2014-01-28T12:32:59.733Z", "otherFeesType": null, "tellerID": 1, "amount": 787.9, "feesType": 2, "mobile_number": "", "date_added": "2014-01-28T12:32:59.733Z", "transactionID": "BEI186772521TXN"}}, {"pk": 23, "model": "biegeFeesApp.beigetransaction", "fields": {"payment_by": "philip", "studentID": 1, "form": "", "date_updated": "2014-01-28T12:33:35.540Z", "otherFeesType": null, "tellerID": 1, "amount": 900.89, "feesType": 2, "mobile_number": "", "date_added": "2014-01-28T12:33:35.540Z", "transactionID": "BEI398886736TXN"}}, {"pk": 29, "model": "biegeFeesApp.beigetransaction", "fields": {"payment_by": "stephen amponsah", "studentID": 4, "form": "", "date_updated": "2014-01-29T14:26:49.380Z", "otherFeesType": null, "tellerID": 1, "amount": 434.9, "feesType": 1, "mobile_number": "", "date_added": "2014-01-29T14:26:49.380Z", "transactionID": "BEI287822564TXN"}}, {"pk": 30, "model": "biegeFeesApp.beigetransaction", "fields": {"payment_by": "yeboah", "studentID": 5, "form": "", "date_updated": "2014-01-29T14:43:24.895Z", "otherFeesType": null, "tellerID": 1, "amount": 402.89, "feesType": 1, "mobile_number": "", "date_added": "2014-01-29T14:43:24.895Z", "transactionID": "BEI391698796TXN"}}, {"pk": 31, "model": "biegeFeesApp.beigetransaction", "fields": {"payment_by": "Joseph Boakye", "studentID": 6, "form": "", "date_updated": "2014-02-03T09:15:42.528Z", "otherFeesType": null, "tellerID": 1, "amount": 323.9, "feesType": 1, "mobile_number": "", "date_added": "2014-02-03T09:15:42.528Z", "transactionID": "BEI336844371TXN"}}, {"pk": 33, "model": "biegeFeesApp.beigetransaction", "fields": {"payment_by": "dda", "studentID": 5, "form": "", "date_updated": "2014-02-03T14:38:19.688Z", "otherFeesType": null, "tellerID": 1, "amount": 232.0, "feesType": 1, "mobile_number": "", "date_added": "2014-02-03T14:38:19.688Z", "transactionID": "BEI395808756TXN"}}, {"pk": 34, "model": "biegeFeesApp.beigetransaction", "fields": {"payment_by": "felix duah", "studentID": 5, "form": "", "date_updated": "2014-02-03T14:40:01.329Z", "otherFeesType": null, "tellerID": 1, "amount": 232.0, "feesType": 1, "mobile_number": "", "date_added": "2014-02-03T14:40:01.329Z", "transactionID": "BEI389785685TXN"}}, {"pk": 35, "model": "biegeFeesApp.beigetransaction", "fields": {"payment_by": "Self", "studentID": 1, "form": "", "date_updated": "2014-02-04T17:11:02.179Z", "otherFeesType": null, "tellerID": 1, "amount": 322.08, "feesType": 1, "mobile_number": "", "date_added": "2014-02-04T17:11:02.179Z", "transactionID": "BEI317694654TXN"}}, {"pk": 36, "model": "biegeFeesApp.beigetransaction", "fields": {"payment_by": "Self", "studentID": 4, "form": "", "date_updated": "2014-02-06T15:16:23.361Z", "otherFeesType": null, "tellerID": 1, "amount": 700.0, "feesType": 1, "mobile_number": "", "date_added": "2014-02-06T15:16:23.361Z", "transactionID": "BEI144523499TXN"}}, {"pk": 38, "model": "biegeFeesApp.beigetransaction", "fields": {"payment_by": "Self", "studentID": 1, "form": "", "date_updated": "2014-02-10T12:48:33.851Z", "otherFeesType": null, "tellerID": 1, "amount": 300.0, "feesType": 2, "mobile_number": "", "date_added": "2014-02-10T12:48:33.851Z", "transactionID": "BEI214716563TXN"}}, {"pk": 39, "model": "biegeFeesApp.beigetransaction", "fields": {"payment_by": "Mr. Esua Mensah", "studentID": 1, "form": "", "date_updated": "2014-02-10T15:38:48.981Z", "otherFeesType": null, "tellerID": 1, "amount": 1000.0, "feesType": 1, "mobile_number": "", "date_added": "2014-02-10T15:38:48.981Z", "transactionID": "BEI220839764TXN"}}, {"pk": 40, "model": "biegeFeesApp.beigetransaction", "fields": {"payment_by": "Self", "studentID": 14, "form": "", "date_updated": "2014-02-10T16:20:54.989Z", "otherFeesType": null, "tellerID": 1, "amount": 500.0, "feesType": 1, "mobile_number": "", "date_added": "2014-02-10T16:20:54.989Z", "transactionID": "BEI194646506TXN"}}, {"pk": 41, "model": "biegeFeesApp.beigetransaction", "fields": {"payment_by": "Self", "studentID": 14, "form": "", "date_updated": "2014-02-10T16:24:32.532Z", "otherFeesType": null, "tellerID": 1, "amount": 443.0, "feesType": 1, "mobile_number": "", "date_added": "2014-02-10T16:24:32.532Z", "transactionID": "BEI204655450TXN"}}, {"pk": 42, "model": "biegeFeesApp.beigetransaction", "fields": {"payment_by": "Self", "studentID": 14, "form": "", "date_updated": "2014-02-10T16:35:16.792Z", "otherFeesType": null, "tellerID": 1, "amount": 6434.0, "feesType": 1, "mobile_number": "", "date_added": "2014-02-10T16:35:16.792Z", "transactionID": "BEI187885403TXN"}}, {"pk": 43, "model": "biegeFeesApp.beigetransaction", "fields": {"payment_by": "Self", "studentID": 14, "form": "", "date_updated": "2014-02-10T16:36:50.752Z", "otherFeesType": null, "tellerID": 1, "amount": 433.0, "feesType": 1, "mobile_number": "", "date_added": "2014-02-10T16:36:50.752Z", "transactionID": "BEI300644785TXN"}}, {"pk": 44, "model": "biegeFeesApp.beigetransaction", "fields": {"payment_by": "Self", "studentID": 14, "form": "", "date_updated": "2014-02-10T16:43:57.637Z", "otherFeesType": null, "tellerID": 1, "amount": 7666.0, "feesType": 2, "mobile_number": "", "date_added": "2014-02-10T16:43:57.637Z", "transactionID": "BEI263723339TXN"}}, {"pk": 45, "model": "biegeFeesApp.beigetransaction", "fields": {"payment_by": "Self", "studentID": 14, "form": "", "date_updated": "2014-02-10T16:46:43.501Z", "otherFeesType": null, "tellerID": 1, "amount": 765.0, "feesType": 1, "mobile_number": "", "date_added": "2014-02-10T16:46:43.501Z", "transactionID": "BEI162734581TXN"}}, {"pk": 46, "model": "biegeFeesApp.beigetransaction", "fields": {"payment_by": "Self", "studentID": 14, "form": "", "date_updated": "2014-02-10T16:47:03.144Z", "otherFeesType": null, "tellerID": 1, "amount": 765.0, "feesType": 1, "mobile_number": "", "date_added": "2014-02-10T16:47:03.144Z", "transactionID": "BEI272572606TXN"}}, {"pk": 47, "model": "biegeFeesApp.beigetransaction", "fields": {"payment_by": "Self", "studentID": 14, "form": "", "date_updated": "2014-02-10T16:48:52.431Z", "otherFeesType": null, "tellerID": 1, "amount": 90.0, "feesType": 1, "mobile_number": "", "date_added": "2014-02-10T16:48:52.431Z", "transactionID": "BEI167619477TXN"}}, {"pk": 48, "model": "biegeFeesApp.beigetransaction", "fields": {"payment_by": "Self", "studentID": 14, "form": "", "date_updated": "2014-02-10T16:50:12.916Z", "otherFeesType": null, "tellerID": 1, "amount": 9809.0, "feesType": 1, "mobile_number": "", "date_added": "2014-02-10T16:50:12.916Z", "transactionID": "BEI349767563TXN"}}, {"pk": 49, "model": "biegeFeesApp.beigetransaction", "fields": {"payment_by": "Self", "studentID": 1, "form": "", "date_updated": "2014-02-11T10:29:48.720Z", "otherFeesType": null, "tellerID": 1, "amount": 750.0, "feesType": 1, "mobile_number": "", "date_added": "2014-02-11T10:29:48.720Z", "transactionID": "BEI342710536TXN"}}, {"pk": 50, "model": "biegeFeesApp.beigetransaction", "fields": {"payment_by": "Self", "studentID": 14, "form": "", "date_updated": "2014-02-11T10:32:14.937Z", "otherFeesType": null, "tellerID": 1, "amount": 899.0, "feesType": 2, "mobile_number": "", "date_added": "2014-02-11T10:32:14.936Z", "transactionID": "BEI333791521TXN"}}, {"pk": 51, "model": "biegeFeesApp.beigetransaction", "fields": {"payment_by": "Self", "studentID": 14, "form": "", "date_updated": "2014-02-11T12:31:18.811Z", "otherFeesType": null, "tellerID": 1, "amount": 500.0, "feesType": 1, "mobile_number": "", "date_added": "2014-02-11T12:31:18.811Z", "transactionID": "BEI394731667TXN"}}, {"pk": 52, "model": "biegeFeesApp.beigetransaction", "fields": {"payment_by": "Mr Amponsah", "studentID": 16, "form": "", "date_updated": "2014-03-03T14:50:44.105Z", "otherFeesType": null, "tellerID": 1, "amount": 489.0, "feesType": 1, "mobile_number": "", "date_added": "2014-03-03T14:50:44.104Z", "transactionID": "BEI207879585TXN"}}, {"pk": 53, "model": "biegeFeesApp.beigetransaction", "fields": {"payment_by": "kwame", "studentID": 19, "form": "", "date_updated": "2014-03-03T15:09:58.128Z", "otherFeesType": null, "tellerID": 6, "amount": 5000.0, "feesType": 1, "mobile_number": "", "date_added": "2014-03-03T15:09:58.127Z", "transactionID": "BEI125733725TXN"}}, {"pk": 54, "model": "biegeFeesApp.beigetransaction", "fields": {"payment_by": "mses", "studentID": 20, "form": "", "date_updated": "2014-03-03T15:33:15.510Z", "otherFeesType": null, "tellerID": 6, "amount": 343.0, "feesType": 1, "mobile_number": "", "date_added": "2014-03-03T15:33:15.510Z", "transactionID": "BEI377804703TXN"}}, {"pk": 60, "model": "biegeFeesApp.beigetransaction", "fields": {"payment_by": "gsgf", "studentID": 1, "form": "", "date_updated": "2014-03-03T15:41:04.730Z", "otherFeesType": null, "tellerID": 6, "amount": 242342.0, "feesType": 1, "mobile_number": "", "date_added": "2014-03-03T15:41:04.730Z", "transactionID": "BEI225808558TXN"}}, {"pk": 61, "model": "biegeFeesApp.beigetransaction", "fields": {"payment_by": "assads", "studentID": 24, "form": "", "date_updated": "2014-03-03T15:56:45.064Z", "otherFeesType": null, "tellerID": 6, "amount": 2323.0, "feesType": 1, "mobile_number": "", "date_added": "2014-03-03T15:56:45.064Z", "transactionID": "BEI238787614TXN"}}, {"pk": 62, "model": "biegeFeesApp.beigetransaction", "fields": {"payment_by": "assads", "studentID": 24, "form": "", "date_updated": "2014-03-03T16:02:57.615Z", "otherFeesType": null, "tellerID": 6, "amount": 2323.0, "feesType": 1, "mobile_number": "", "date_added": "2014-03-03T16:02:57.615Z", "transactionID": "BEI261862670TXN"}}, {"pk": 64, "model": "biegeFeesApp.beigetransaction", "fields": {"payment_by": "steve", "studentID": 26, "form": "", "date_updated": "2014-03-03T21:25:42.476Z", "otherFeesType": null, "tellerID": 2, "amount": 500.0, "feesType": 1, "mobile_number": "", "date_added": "2014-03-03T21:25:42.476Z", "transactionID": "BEI276691409TXN"}}, {"pk": 65, "model": "biegeFeesApp.beigetransaction", "fields": {"payment_by": "Self", "studentID": 26, "form": "", "date_updated": "2014-03-03T21:28:28.067Z", "otherFeesType": null, "tellerID": 2, "amount": 890.0, "feesType": 1, "mobile_number": "", "date_added": "2014-03-03T21:28:28.067Z", "transactionID": "BEI268745542TXN"}}, {"pk": 66, "model": "biegeFeesApp.beigetransaction", "fields": {"payment_by": "Self", "studentID": 26, "form": "", "date_updated": "2014-03-03T21:30:27.287Z", "otherFeesType": null, "tellerID": 2, "amount": 232.0, "feesType": 1, "mobile_number": "", "date_added": "2014-03-03T21:30:27.287Z", "transactionID": "BEI338831629TXN"}}, {"pk": 67, "model": "biegeFeesApp.beigetransaction", "fields": {"payment_by": "Self", "studentID": 1, "form": "", "date_updated": "2014-03-03T21:41:08.846Z", "otherFeesType": null, "tellerID": 2, "amount": 898.0, "feesType": 1, "mobile_number": "", "date_added": "2014-03-03T21:41:08.845Z", "transactionID": "BEI368615661TXN"}}, {"pk": 68, "model": "biegeFeesApp.beigetransaction", "fields": {"payment_by": "stepuhd", "studentID": 27, "form": "", "date_updated": "2014-03-03T21:42:48.488Z", "otherFeesType": null, "tellerID": 2, "amount": 2376872826.0, "feesType": 1, "mobile_number": "", "date_added": "2014-03-03T21:42:48.488Z", "transactionID": "BEI323575462TXN"}}, {"pk": 70, "model": "biegeFeesApp.beigetransaction", "fields": {"payment_by": "sfdett", "studentID": 29, "form": "", "date_updated": "2014-03-04T10:08:43.894Z", "otherFeesType": null, "tellerID": 2, "amount": 4343.0, "feesType": 1, "mobile_number": "", "date_added": "2014-03-04T10:08:43.894Z", "transactionID": "BEI243860570TXN"}}, {"pk": 71, "model": "biegeFeesApp.beigetransaction", "fields": {"payment_by": "sfdett", "studentID": 29, "form": "", "date_updated": "2014-03-04T10:20:01.542Z", "otherFeesType": null, "tellerID": 2, "amount": 4343.0, "feesType": 1, "mobile_number": "", "date_added": "2014-03-04T10:20:01.542Z", "transactionID": "BEI256590668TXN"}}, {"pk": 72, "model": "biegeFeesApp.beigetransaction", "fields": {"payment_by": "sfdett", "studentID": 29, "form": "", "date_updated": "2014-03-04T10:20:01.989Z", "otherFeesType": null, "tellerID": 2, "amount": 4343.0, "feesType": 1, "mobile_number": "", "date_added": "2014-03-04T10:20:01.989Z", "transactionID": "BEI265673652TXN"}}, {"pk": 73, "model": "biegeFeesApp.beigetransaction", "fields": {"payment_by": "sfdett", "studentID": 29, "form": "", "date_updated": "2014-03-04T10:20:02.358Z", "otherFeesType": null, "tellerID": 2, "amount": 4343.0, "feesType": 1, "mobile_number": "", "date_added": "2014-03-04T10:20:02.358Z", "transactionID": "BEI144881468TXN"}}, {"pk": 74, "model": "biegeFeesApp.beigetransaction", "fields": {"payment_by": "sfdett", "studentID": 29, "form": "", "date_updated": "2014-03-04T10:20:02.782Z", "otherFeesType": null, "tellerID": 2, "amount": 4343.0, "feesType": 1, "mobile_number": "", "date_added": "2014-03-04T10:20:02.781Z", "transactionID": "BEI299734465TXN"}}, {"pk": 75, "model": "biegeFeesApp.beigetransaction", "fields": {"payment_by": "sfdett", "studentID": 29, "form": "", "date_updated": "2014-03-04T10:20:03.106Z", "otherFeesType": null, "tellerID": 2, "amount": 4343.0, "feesType": 1, "mobile_number": "", "date_added": "2014-03-04T10:20:03.106Z", "transactionID": "BEI214827319TXN"}}, {"pk": 76, "model": "biegeFeesApp.beigetransaction", "fields": {"payment_by": "sfdett", "studentID": 29, "form": "", "date_updated": "2014-03-04T10:20:03.451Z", "otherFeesType": null, "tellerID": 2, "amount": 4343.0, "feesType": 1, "mobile_number": "", "date_added": "2014-03-04T10:20:03.451Z", "transactionID": "BEI222780417TXN"}}, {"pk": 77, "model": "biegeFeesApp.beigetransaction", "fields": {"payment_by": "sfdett", "studentID": 29, "form": "", "date_updated": "2014-03-04T10:20:03.862Z", "otherFeesType": null, "tellerID": 2, "amount": 4343.0, "feesType": 1, "mobile_number": "", "date_added": "2014-03-04T10:20:03.862Z", "transactionID": "BEI124776747TXN"}}, {"pk": 78, "model": "biegeFeesApp.beigetransaction", "fields": {"payment_by": "sfdett", "studentID": 29, "form": "", "date_updated": "2014-03-04T10:20:04.288Z", "otherFeesType": null, "tellerID": 2, "amount": 4343.0, "feesType": 1, "mobile_number": "", "date_added": "2014-03-04T10:20:04.288Z", "transactionID": "BEI342668333TXN"}}, {"pk": 79, "model": "biegeFeesApp.beigetransaction", "fields": {"payment_by": "sfdett", "studentID": 29, "form": "", "date_updated": "2014-03-04T10:20:04.681Z", "otherFeesType": null, "tellerID": 2, "amount": 4343.0, "feesType": 1, "mobile_number": "", "date_added": "2014-03-04T10:20:04.681Z", "transactionID": "BEI253540574TXN"}}, {"pk": 80, "model": "biegeFeesApp.beigetransaction", "fields": {"payment_by": "sfdett", "studentID": 29, "form": "", "date_updated": "2014-03-04T10:20:05.078Z", "otherFeesType": null, "tellerID": 2, "amount": 4343.0, "feesType": 1, "mobile_number": "", "date_added": "2014-03-04T10:20:05.078Z", "transactionID": "BEI269820778TXN"}}, {"pk": 81, "model": "biegeFeesApp.beigetransaction", "fields": {"payment_by": "sfdett", "studentID": 29, "form": "", "date_updated": "2014-03-04T10:20:05.491Z", "otherFeesType": null, "tellerID": 2, "amount": 4343.0, "feesType": 1, "mobile_number": "", "date_added": "2014-03-04T10:20:05.491Z", "transactionID": "BEI361550698TXN"}}, {"pk": 82, "model": "biegeFeesApp.beigetransaction", "fields": {"payment_by": "sfdett", "studentID": 29, "form": "", "date_updated": "2014-03-04T10:20:05.927Z", "otherFeesType": null, "tellerID": 2, "amount": 4343.0, "feesType": 1, "mobile_number": "", "date_added": "2014-03-04T10:20:05.927Z", "transactionID": "BEI290502639TXN"}}, {"pk": 83, "model": "biegeFeesApp.beigetransaction", "fields": {"payment_by": "sfdett", "studentID": 29, "form": "", "date_updated": "2014-03-04T10:20:06.315Z", "otherFeesType": null, "tellerID": 2, "amount": 4343.0, "feesType": 1, "mobile_number": "", "date_added": "2014-03-04T10:20:06.315Z", "transactionID": "BEI238619621TXN"}}, {"pk": 84, "model": "biegeFeesApp.beigetransaction", "fields": {"payment_by": "sfdett", "studentID": 29, "form": "", "date_updated": "2014-03-04T10:20:06.676Z", "otherFeesType": null, "tellerID": 2, "amount": 4343.0, "feesType": 1, "mobile_number": "", "date_added": "2014-03-04T10:20:06.676Z", "transactionID": "BEI209893493TXN"}}, {"pk": 85, "model": "biegeFeesApp.beigetransaction", "fields": {"payment_by": "sfdett", "studentID": 29, "form": "", "date_updated": "2014-03-04T10:20:07.030Z", "otherFeesType": null, "tellerID": 2, "amount": 4343.0, "feesType": 1, "mobile_number": "", "date_added": "2014-03-04T10:20:07.030Z", "transactionID": "BEI292607558TXN"}}, {"pk": 86, "model": "biegeFeesApp.beigetransaction", "fields": {"payment_by": "sfdett", "studentID": 29, "form": "", "date_updated": "2014-03-04T10:20:07.399Z", "otherFeesType": null, "tellerID": 2, "amount": 4343.0, "feesType": 1, "mobile_number": "", "date_added": "2014-03-04T10:20:07.399Z", "transactionID": "BEI235589687TXN"}}, {"pk": 87, "model": "biegeFeesApp.beigetransaction", "fields": {"payment_by": "sfdett", "studentID": 29, "form": "", "date_updated": "2014-03-04T10:20:07.779Z", "otherFeesType": null, "tellerID": 2, "amount": 4343.0, "feesType": 1, "mobile_number": "", "date_added": "2014-03-04T10:20:07.779Z", "transactionID": "BEI287647330TXN"}}, {"pk": 88, "model": "biegeFeesApp.beigetransaction", "fields": {"payment_by": "sfdett", "studentID": 29, "form": "", "date_updated": "2014-03-04T10:20:08.176Z", "otherFeesType": null, "tellerID": 2, "amount": 4343.0, "feesType": 1, "mobile_number": "", "date_added": "2014-03-04T10:20:08.176Z", "transactionID": "BEI319563388TXN"}}, {"pk": 89, "model": "biegeFeesApp.beigetransaction", "fields": {"payment_by": "sfdett", "studentID": 29, "form": "", "date_updated": "2014-03-04T10:20:08.568Z", "otherFeesType": null, "tellerID": 2, "amount": 4343.0, "feesType": 1, "mobile_number": "", "date_added": "2014-03-04T10:20:08.568Z", "transactionID": "BEI339591594TXN"}}, {"pk": 90, "model": "biegeFeesApp.beigetransaction", "fields": {"payment_by": "sfdett", "studentID": 29, "form": "", "date_updated": "2014-03-04T10:20:09.070Z", "otherFeesType": null, "tellerID": 2, "amount": 4343.0, "feesType": 1, "mobile_number": "", "date_added": "2014-03-04T10:20:09.070Z", "transactionID": "BEI358674372TXN"}}, {"pk": 91, "model": "biegeFeesApp.beigetransaction", "fields": {"payment_by": "sfdett", "studentID": 29, "form": "", "date_updated": "2014-03-04T10:20:09.503Z", "otherFeesType": null, "tellerID": 2, "amount": 4343.0, "feesType": 1, "mobile_number": "", "date_added": "2014-03-04T10:20:09.503Z", "transactionID": "BEI113553520TXN"}}, {"pk": 92, "model": "biegeFeesApp.beigetransaction", "fields": {"payment_by": "sfdett", "studentID": 29, "form": "", "date_updated": "2014-03-04T10:20:51.558Z", "otherFeesType": null, "tellerID": 2, "amount": 4343.0, "feesType": 1, "mobile_number": "", "date_added": "2014-03-04T10:20:51.558Z", "transactionID": "BEI153811737TXN"}}, {"pk": 93, "model": "biegeFeesApp.beigetransaction", "fields": {"payment_by": "sfdett", "studentID": 29, "form": "", "date_updated": "2014-03-04T10:20:51.959Z", "otherFeesType": null, "tellerID": 2, "amount": 4343.0, "feesType": 1, "mobile_number": "", "date_added": "2014-03-04T10:20:51.959Z", "transactionID": "BEI212854522TXN"}}, {"pk": 94, "model": "biegeFeesApp.beigetransaction", "fields": {"payment_by": "sfdett", "studentID": 29, "form": "", "date_updated": "2014-03-04T10:20:52.349Z", "otherFeesType": null, "tellerID": 2, "amount": 4343.0, "feesType": 1, "mobile_number": "", "date_added": "2014-03-04T10:20:52.349Z", "transactionID": "BEI301819690TXN"}}, {"pk": 95, "model": "biegeFeesApp.beigetransaction", "fields": {"payment_by": "sfdett", "studentID": 29, "form": "", "date_updated": "2014-03-04T10:20:52.779Z", "otherFeesType": null, "tellerID": 2, "amount": 4343.0, "feesType": 1, "mobile_number": "", "date_added": "2014-03-04T10:20:52.779Z", "transactionID": "BEI219877590TXN"}}, {"pk": 96, "model": "biegeFeesApp.beigetransaction", "fields": {"payment_by": "sfdett", "studentID": 29, "form": "", "date_updated": "2014-03-04T10:20:53.175Z", "otherFeesType": null, "tellerID": 2, "amount": 4343.0, "feesType": 1, "mobile_number": "", "date_added": "2014-03-04T10:20:53.175Z", "transactionID": "BEI139726327TXN"}}, {"pk": 97, "model": "biegeFeesApp.beigetransaction", "fields": {"payment_by": "sfdett", "studentID": 29, "form": "", "date_updated": "2014-03-04T10:20:53.579Z", "otherFeesType": null, "tellerID": 2, "amount": 4343.0, "feesType": 1, "mobile_number": "", "date_added": "2014-03-04T10:20:53.579Z", "transactionID": "BEI323648516TXN"}}, {"pk": 98, "model": "biegeFeesApp.beigetransaction", "fields": {"payment_by": "sfdett", "studentID": 29, "form": "", "date_updated": "2014-03-04T10:20:53.912Z", "otherFeesType": null, "tellerID": 2, "amount": 4343.0, "feesType": 1, "mobile_number": "", "date_added": "2014-03-04T10:20:53.912Z", "transactionID": "BEI327865715TXN"}}, {"pk": 99, "model": "biegeFeesApp.beigetransaction", "fields": {"payment_by": "sfdett", "studentID": 29, "form": "", "date_updated": "2014-03-04T10:20:54.281Z", "otherFeesType": null, "tellerID": 2, "amount": 4343.0, "feesType": 1, "mobile_number": "", "date_added": "2014-03-04T10:20:54.281Z", "transactionID": "BEI124679306TXN"}}, {"pk": 100, "model": "biegeFeesApp.beigetransaction", "fields": {"payment_by": "sfdett", "studentID": 29, "form": "", "date_updated": "2014-03-04T10:20:54.657Z", "otherFeesType": null, "tellerID": 2, "amount": 4343.0, "feesType": 1, "mobile_number": "", "date_added": "2014-03-04T10:20:54.657Z", "transactionID": "BEI220773354TXN"}}, {"pk": 101, "model": "biegeFeesApp.beigetransaction", "fields": {"payment_by": "sfdett", "studentID": 29, "form": "", "date_updated": "2014-03-04T10:20:55.104Z", "otherFeesType": null, "tellerID": 2, "amount": 4343.0, "feesType": 1, "mobile_number": "", "date_added": "2014-03-04T10:20:55.104Z", "transactionID": "BEI278891376TXN"}}, {"pk": 102, "model": "biegeFeesApp.beigetransaction", "fields": {"payment_by": "sfdett", "studentID": 29, "form": "", "date_updated": "2014-03-04T10:20:55.539Z", "otherFeesType": null, "tellerID": 2, "amount": 4343.0, "feesType": 1, "mobile_number": "", "date_added": "2014-03-04T10:20:55.539Z", "transactionID": "BEI326812694TXN"}}, {"pk": 103, "model": "biegeFeesApp.beigetransaction", "fields": {"payment_by": "sfdett", "studentID": 29, "form": "", "date_updated": "2014-03-04T10:20:56.008Z", "otherFeesType": null, "tellerID": 2, "amount": 4343.0, "feesType": 1, "mobile_number": "", "date_added": "2014-03-04T10:20:56.008Z", "transactionID": "BEI128845377TXN"}}, {"pk": 104, "model": "biegeFeesApp.beigetransaction", "fields": {"payment_by": "sfdett", "studentID": 29, "form": "", "date_updated": "2014-03-04T10:20:56.623Z", "otherFeesType": null, "tellerID": 2, "amount": 4343.0, "feesType": 1, "mobile_number": "", "date_added": "2014-03-04T10:20:56.623Z", "transactionID": "BEI330816534TXN"}}, {"pk": 105, "model": "biegeFeesApp.beigetransaction", "fields": {"payment_by": "sfdett", "studentID": 29, "form": "", "date_updated": "2014-03-04T10:20:56.986Z", "otherFeesType": null, "tellerID": 2, "amount": 4343.0, "feesType": 1, "mobile_number": "", "date_added": "2014-03-04T10:20:56.986Z", "transactionID": "BEI338841765TXN"}}, {"pk": 106, "model": "biegeFeesApp.beigetransaction", "fields": {"payment_by": "sfdett", "studentID": 29, "form": "", "date_updated": "2014-03-04T10:20:57.334Z", "otherFeesType": null, "tellerID": 2, "amount": 4343.0, "feesType": 1, "mobile_number": "", "date_added": "2014-03-04T10:20:57.334Z", "transactionID": "BEI246532383TXN"}}, {"pk": 107, "model": "biegeFeesApp.beigetransaction", "fields": {"payment_by": "sfdett", "studentID": 29, "form": "", "date_updated": "2014-03-04T10:20:57.713Z", "otherFeesType": null, "tellerID": 2, "amount": 4343.0, "feesType": 1, "mobile_number": "", "date_added": "2014-03-04T10:20:57.713Z", "transactionID": "BEI342872452TXN"}}, {"pk": 108, "model": "biegeFeesApp.beigetransaction", "fields": {"payment_by": "sfdett", "studentID": 29, "form": "", "date_updated": "2014-03-04T10:20:58.147Z", "otherFeesType": null, "tellerID": 2, "amount": 4343.0, "feesType": 1, "mobile_number": "", "date_added": "2014-03-04T10:20:58.147Z", "transactionID": "BEI265703637TXN"}}, {"pk": 109, "model": "biegeFeesApp.beigetransaction", "fields": {"payment_by": "sfdett", "studentID": 29, "form": "", "date_updated": "2014-03-04T10:20:58.572Z", "otherFeesType": null, "tellerID": 2, "amount": 4343.0, "feesType": 1, "mobile_number": "", "date_added": "2014-03-04T10:20:58.572Z", "transactionID": "BEI337517595TXN"}}, {"pk": 110, "model": "biegeFeesApp.beigetransaction", "fields": {"payment_by": "sfdett", "studentID": 29, "form": "", "date_updated": "2014-03-04T10:20:59.007Z", "otherFeesType": null, "tellerID": 2, "amount": 4343.0, "feesType": 1, "mobile_number": "", "date_added": "2014-03-04T10:20:59.007Z", "transactionID": "BEI313792780TXN"}}, {"pk": 111, "model": "biegeFeesApp.beigetransaction", "fields": {"payment_by": "sfdett", "studentID": 29, "form": "", "date_updated": "2014-03-04T10:20:59.440Z", "otherFeesType": null, "tellerID": 2, "amount": 4343.0, "feesType": 1, "mobile_number": "", "date_added": "2014-03-04T10:20:59.440Z", "transactionID": "BEI273593475TXN"}}, {"pk": 112, "model": "biegeFeesApp.beigetransaction", "fields": {"payment_by": "sfdett", "studentID": 29, "form": "", "date_updated": "2014-03-04T10:20:59.863Z", "otherFeesType": null, "tellerID": 2, "amount": 4343.0, "feesType": 1, "mobile_number": "", "date_added": "2014-03-04T10:20:59.863Z", "transactionID": "BEI111542301TXN"}}, {"pk": 113, "model": "biegeFeesApp.beigetransaction", "fields": {"payment_by": "sfdett", "studentID": 29, "form": "", "date_updated": "2014-03-04T10:21:28.632Z", "otherFeesType": null, "tellerID": 2, "amount": 4343.0, "feesType": 1, "mobile_number": "", "date_added": "2014-03-04T10:21:28.632Z", "transactionID": "BEI181828436TXN"}}, {"pk": 114, "model": "biegeFeesApp.beigetransaction", "fields": {"payment_by": "sfdett", "studentID": 29, "form": "", "date_updated": "2014-03-04T10:21:29.131Z", "otherFeesType": null, "tellerID": 2, "amount": 4343.0, "feesType": 1, "mobile_number": "", "date_added": "2014-03-04T10:21:29.131Z", "transactionID": "BEI246852568TXN"}}, {"pk": 115, "model": "biegeFeesApp.beigetransaction", "fields": {"payment_by": "sfdett", "studentID": 29, "form": "", "date_updated": "2014-03-04T10:21:29.566Z", "otherFeesType": null, "tellerID": 2, "amount": 4343.0, "feesType": 1, "mobile_number": "", "date_added": "2014-03-04T10:21:29.566Z", "transactionID": "BEI134843374TXN"}}, {"pk": 116, "model": "biegeFeesApp.beigetransaction", "fields": {"payment_by": "sfdett", "studentID": 29, "form": "", "date_updated": "2014-03-04T10:21:30.014Z", "otherFeesType": null, "tellerID": 2, "amount": 4343.0, "feesType": 1, "mobile_number": "", "date_added": "2014-03-04T10:21:30.014Z", "transactionID": "BEI231883318TXN"}}, {"pk": 117, "model": "biegeFeesApp.beigetransaction", "fields": {"payment_by": "sfdett", "studentID": 29, "form": "", "date_updated": "2014-03-04T10:21:30.446Z", "otherFeesType": null, "tellerID": 2, "amount": 4343.0, "feesType": 1, "mobile_number": "", "date_added": "2014-03-04T10:21:30.446Z", "transactionID": "BEI324535660TXN"}}, {"pk": 118, "model": "biegeFeesApp.beigetransaction", "fields": {"payment_by": "sfdett", "studentID": 29, "form": "", "date_updated": "2014-03-04T10:21:30.848Z", "otherFeesType": null, "tellerID": 2, "amount": 4343.0, "feesType": 1, "mobile_number": "", "date_added": "2014-03-04T10:21:30.848Z", "transactionID": "BEI388784446TXN"}}, {"pk": 119, "model": "biegeFeesApp.beigetransaction", "fields": {"payment_by": "sfdett", "studentID": 29, "form": "", "date_updated": "2014-03-04T10:21:31.239Z", "otherFeesType": null, "tellerID": 2, "amount": 4343.0, "feesType": 1, "mobile_number": "", "date_added": "2014-03-04T10:21:31.239Z", "transactionID": "BEI334642462TXN"}}, {"pk": 120, "model": "biegeFeesApp.beigetransaction", "fields": {"payment_by": "sfdett", "studentID": 29, "form": "", "date_updated": "2014-03-04T10:21:31.619Z", "otherFeesType": null, "tellerID": 2, "amount": 4343.0, "feesType": 1, "mobile_number": "", "date_added": "2014-03-04T10:21:31.618Z", "transactionID": "BEI220648774TXN"}}, {"pk": 121, "model": "biegeFeesApp.beigetransaction", "fields": {"payment_by": "sfdett", "studentID": 29, "form": "", "date_updated": "2014-03-04T10:21:32.034Z", "otherFeesType": null, "tellerID": 2, "amount": 4343.0, "feesType": 1, "mobile_number": "", "date_added": "2014-03-04T10:21:32.034Z", "transactionID": "BEI195764737TXN"}}, {"pk": 122, "model": "biegeFeesApp.beigetransaction", "fields": {"payment_by": "sfdett", "studentID": 29, "form": "", "date_updated": "2014-03-04T10:21:32.443Z", "otherFeesType": null, "tellerID": 2, "amount": 4343.0, "feesType": 1, "mobile_number": "", "date_added": "2014-03-04T10:21:32.443Z", "transactionID": "BEI354738558TXN"}}, {"pk": 123, "model": "biegeFeesApp.beigetransaction", "fields": {"payment_by": "sfdett", "studentID": 29, "form": "", "date_updated": "2014-03-04T10:21:32.892Z", "otherFeesType": null, "tellerID": 2, "amount": 4343.0, "feesType": 1, "mobile_number": "", "date_added": "2014-03-04T10:21:32.892Z", "transactionID": "BEI151552572TXN"}}, {"pk": 124, "model": "biegeFeesApp.beigetransaction", "fields": {"payment_by": "sfdett", "studentID": 29, "form": "", "date_updated": "2014-03-04T10:21:33.300Z", "otherFeesType": null, "tellerID": 2, "amount": 4343.0, "feesType": 1, "mobile_number": "", "date_added": "2014-03-04T10:21:33.300Z", "transactionID": "BEI344723762TXN"}}, {"pk": 125, "model": "biegeFeesApp.beigetransaction", "fields": {"payment_by": "sfdett", "studentID": 29, "form": "", "date_updated": "2014-03-04T10:21:33.724Z", "otherFeesType": null, "tellerID": 2, "amount": 4343.0, "feesType": 1, "mobile_number": "", "date_added": "2014-03-04T10:21:33.724Z", "transactionID": "BEI227867479TXN"}}, {"pk": 126, "model": "biegeFeesApp.beigetransaction", "fields": {"payment_by": "sfdett", "studentID": 29, "form": "", "date_updated": "2014-03-04T10:21:34.146Z", "otherFeesType": null, "tellerID": 2, "amount": 4343.0, "feesType": 1, "mobile_number": "", "date_added": "2014-03-04T10:21:34.146Z", "transactionID": "BEI122682527TXN"}}, {"pk": 127, "model": "biegeFeesApp.beigetransaction", "fields": {"payment_by": "sfdett", "studentID": 29, "form": "", "date_updated": "2014-03-04T10:21:34.590Z", "otherFeesType": null, "tellerID": 2, "amount": 4343.0, "feesType": 1, "mobile_number": "", "date_added": "2014-03-04T10:21:34.590Z", "transactionID": "BEI285617429TXN"}}, {"pk": 128, "model": "biegeFeesApp.beigetransaction", "fields": {"payment_by": "sfdett", "studentID": 29, "form": "", "date_updated": "2014-03-04T10:21:34.939Z", "otherFeesType": null, "tellerID": 2, "amount": 4343.0, "feesType": 1, "mobile_number": "", "date_added": "2014-03-04T10:21:34.939Z", "transactionID": "BEI111555755TXN"}}, {"pk": 129, "model": "biegeFeesApp.beigetransaction", "fields": {"payment_by": "sfdett", "studentID": 29, "form": "", "date_updated": "2014-03-04T10:21:35.302Z", "otherFeesType": null, "tellerID": 2, "amount": 4343.0, "feesType": 1, "mobile_number": "", "date_added": "2014-03-04T10:21:35.302Z", "transactionID": "BEI228796395TXN"}}, {"pk": 130, "model": "biegeFeesApp.beigetransaction", "fields": {"payment_by": "sfdett", "studentID": 29, "form": "", "date_updated": "2014-03-04T10:21:35.677Z", "otherFeesType": null, "tellerID": 2, "amount": 4343.0, "feesType": 1, "mobile_number": "", "date_added": "2014-03-04T10:21:35.677Z", "transactionID": "BEI369627390TXN"}}, {"pk": 131, "model": "biegeFeesApp.beigetransaction", "fields": {"payment_by": "sfdett", "studentID": 29, "form": "", "date_updated": "2014-03-04T10:21:36.122Z", "otherFeesType": null, "tellerID": 2, "amount": 4343.0, "feesType": 1, "mobile_number": "", "date_added": "2014-03-04T10:21:36.122Z", "transactionID": "BEI255688545TXN"}}, {"pk": 132, "model": "biegeFeesApp.beigetransaction", "fields": {"payment_by": "sfdett", "studentID": 29, "form": "", "date_updated": "2014-03-04T10:21:36.556Z", "otherFeesType": null, "tellerID": 2, "amount": 4343.0, "feesType": 1, "mobile_number": "", "date_added": "2014-03-04T10:21:36.556Z", "transactionID": "BEI212525591TXN"}}, {"pk": 133, "model": "biegeFeesApp.beigetransaction", "fields": {"payment_by": "sfdett", "studentID": 29, "form": "", "date_updated": "2014-03-04T10:21:37.015Z", "otherFeesType": null, "tellerID": 2, "amount": 4343.0, "feesType": 1, "mobile_number": "", "date_added": "2014-03-04T10:21:37.015Z", "transactionID": "BEI275657675TXN"}}, {"pk": 134, "model": "biegeFeesApp.beigetransaction", "fields": {"payment_by": "sfdett", "studentID": 29, "form": "", "date_updated": "2014-03-04T10:22:01.095Z", "otherFeesType": null, "tellerID": 2, "amount": 4343.0, "feesType": 1, "mobile_number": "", "date_added": "2014-03-04T10:22:01.095Z", "transactionID": "BEI332890384TXN"}}, {"pk": 135, "model": "biegeFeesApp.beigetransaction", "fields": {"payment_by": "sfdett", "studentID": 29, "form": "", "date_updated": "2014-03-04T10:22:03.382Z", "otherFeesType": null, "tellerID": 2, "amount": 4343.0, "feesType": 1, "mobile_number": "", "date_added": "2014-03-04T10:22:03.382Z", "transactionID": "BEI217634478TXN"}}, {"pk": 136, "model": "biegeFeesApp.beigetransaction", "fields": {"payment_by": "sfdett", "studentID": 29, "form": "", "date_updated": "2014-03-04T10:22:04.637Z", "otherFeesType": null, "tellerID": 2, "amount": 4343.0, "feesType": 1, "mobile_number": "", "date_added": "2014-03-04T10:22:04.637Z", "transactionID": "BEI206780793TXN"}}, {"pk": 140, "model": "biegeFeesApp.beigetransaction", "fields": {"payment_by": "adsad", "studentID": 24, "form": "", "date_updated": "2014-03-04T10:28:44.927Z", "otherFeesType": null, "tellerID": 2, "amount": 42343.0, "feesType": 1, "mobile_number": "", "date_added": "2014-03-04T10:28:44.927Z", "transactionID": "BEI147784682TXN"}}, {"pk": 141, "model": "biegeFeesApp.beigetransaction", "fields": {"payment_by": "Self", "studentID": 24, "form": "", "date_updated": "2014-03-04T12:56:33.815Z", "otherFeesType": null, "tellerID": 2, "amount": 5675.0, "feesType": 1, "mobile_number": "", "date_added": "2014-03-04T12:56:33.815Z", "transactionID": "BEI168803372TXN"}}, {"pk": 142, "model": "biegeFeesApp.beigetransaction", "fields": {"payment_by": "yaw", "studentID": 24, "form": "", "date_updated": "2014-03-04T13:09:29.878Z", "otherFeesType": null, "tellerID": 2, "amount": 565.0, "feesType": 3, "mobile_number": "", "date_added": "2014-03-04T13:09:29.878Z", "transactionID": "BEI380705426TXN"}}, {"pk": 143, "model": "biegeFeesApp.beigetransaction", "fields": {"payment_by": "yaw", "studentID": 24, "form": "", "date_updated": "2014-03-04T13:10:52.191Z", "otherFeesType": null, "tellerID": 2, "amount": 786.0, "feesType": 2, "mobile_number": "", "date_added": "2014-03-04T13:10:52.190Z", "transactionID": "BEI288878512TXN"}}, {"pk": 144, "model": "biegeFeesApp.beigetransaction", "fields": {"payment_by": "yaw", "studentID": 24, "form": "", "date_updated": "2014-03-04T13:12:26.673Z", "otherFeesType": null, "tellerID": 2, "amount": 786.0, "feesType": 2, "mobile_number": "", "date_added": "2014-03-04T13:12:26.673Z", "transactionID": "BEI364538509TXN"}}, {"pk": 145, "model": "biegeFeesApp.beigetransaction", "fields": {"payment_by": "twum amoako", "studentID": 31, "form": "", "date_updated": "2014-03-04T13:15:29.739Z", "otherFeesType": null, "tellerID": 2, "amount": 676.0, "feesType": 3, "mobile_number": "", "date_added": "2014-03-04T13:15:29.739Z", "transactionID": "BEI191639609TXN"}}, {"pk": 146, "model": "biegeFeesApp.beigetransaction", "fields": {"payment_by": "Nana Galore", "studentID": 32, "form": "", "date_updated": "2014-03-04T15:00:46.852Z", "otherFeesType": null, "tellerID": 2, "amount": 500.0, "feesType": 1, "mobile_number": "", "date_added": "2014-03-04T15:00:46.852Z", "transactionID": "BEI170778335TXN"}}, {"pk": 147, "model": "biegeFeesApp.beigetransaction", "fields": {"payment_by": "Nana Galore", "studentID": 32, "form": "", "date_updated": "2014-03-04T15:04:25.787Z", "otherFeesType": null, "tellerID": 2, "amount": 500.0, "feesType": 1, "mobile_number": "", "date_added": "2014-03-04T15:04:25.787Z", "transactionID": "BEI179811469TXN"}}, {"pk": 148, "model": "biegeFeesApp.beigetransaction", "fields": {"payment_by": "Mercy", "studentID": 33, "form": "", "date_updated": "2014-03-05T09:45:22.633Z", "otherFeesType": null, "tellerID": 2, "amount": 2000.0, "feesType": 1, "mobile_number": "", "date_added": "2014-03-05T09:45:22.633Z", "transactionID": "BEI356506619TXN"}}, {"pk": 149, "model": "biegeFeesApp.beigetransaction", "fields": {"payment_by": "Mercy", "studentID": 33, "form": "", "date_updated": "2014-03-05T09:46:05.888Z", "otherFeesType": null, "tellerID": 2, "amount": 30.0, "feesType": 2, "mobile_number": "", "date_added": "2014-03-05T09:46:05.888Z", "transactionID": "BEI259532639TXN"}}, {"pk": 150, "model": "biegeFeesApp.beigetransaction", "fields": {"payment_by": "mr amoah", "studentID": 34, "form": "", "date_updated": "2014-03-05T10:53:58.802Z", "otherFeesType": null, "tellerID": 2, "amount": 500.0, "feesType": 1, "mobile_number": "", "date_added": "2014-03-05T10:53:58.802Z", "transactionID": "BEI159810771TXN"}}, {"pk": 151, "model": "biegeFeesApp.beigetransaction", "fields": {"payment_by": "test", "studentID": 35, "form": "", "date_updated": "2014-03-05T10:56:09.699Z", "otherFeesType": null, "tellerID": 2, "amount": 30.0, "feesType": 2, "mobile_number": "", "date_added": "2014-03-05T10:56:09.699Z", "transactionID": "BEI356677522TXN"}}]
