[{"pk": 1, "model": "biegeFeesApp.programme", "fields": {"date_updated": "2014-01-06T17:19:46.800Z", "date_added": "2014-01-06T17:19:46.800Z", "name": "GENERAL SCIENCE"}}, {"pk": 2, "model": "biegeFeesApp.programme", "fields": {"date_updated": "2014-01-07T12:58:36.144Z", "date_added": "2014-01-07T12:58:36.144Z", "name": "GENERAL ARTS"}}, {"pk": 3, "model": "biegeFeesApp.programme", "fields": {"date_updated": "2014-01-07T12:58:42.736Z", "date_added": "2014-01-07T12:58:42.735Z", "name": "VISUAL ARTS"}}, {"pk": 4, "model": "biegeFeesApp.programme", "fields": {"date_updated": "2014-01-07T12:58:51.272Z", "date_added": "2014-01-07T12:58:51.272Z", "name": "HOME ECONS"}}, {"pk": 5, "model": "biegeFeesApp.programme", "fields": {"date_updated": "2014-01-07T12:58:56.795Z", "date_added": "2014-01-07T12:58:56.795Z", "name": "AGRIC"}}, {"pk": 1, "model": "biegeFeesApp.beigeschool", "fields": {"schoolID": "OWAS128465", "schoolType": "Public", "schoolName": "OWASS", "date_updated": "2014-01-09T13:34:59.336Z", "phoneNumber": "2321431", "location": "kumasi", "date_added": "2014-01-06T17:19:57.060Z", "postalAddress": "p.o.box 62353", "programmes": [1, 2, 3]}}, {"pk": 2, "model": "biegeFeesApp.beigeschool", "fields": {"schoolID": "PREM247857", "schoolType": "Public", "schoolName": "PREMPEH COLLEGE", "date_updated": "2014-01-09T13:35:13.610Z", "phoneNumber": "8765555", "location": "kumasi", "date_added": "2014-01-08T15:25:11.781Z", "postalAddress": "p.o.box 5236 ksi adum", "programmes": [1, 3]}}, {"pk": 3, "model": "biegeFeesApp.beigeschool", "fields": {"schoolID": "ACTI356175", "schoolType": "Public", "schoolName": "ACTION`", "date_updated": "2014-01-09T13:53:36.862Z", "phoneNumber": "02456718", "location": "LO", "date_added": "2014-01-09T13:53:36.862Z", "postalAddress": "P.O.BOCX 677", "programmes": [1, 3]}}, {"pk": 4, "model": "biegeFeesApp.beigeschool", "fields": {"schoolID": "PRES336768", "schoolType": "Public", "schoolName": "PRESEC", "date_updated": "2014-01-16T09:26:16.325Z", "phoneNumber": "02323221", "location": "ACCRA ", "date_added": "2014-01-16T09:26:16.325Z", "postalAddress": "P.O.BOX 323 ", "programmes": []}}, {"pk": 5, "model": "biegeFeesApp.beigeschool", "fields": {"schoolID": "AMB 197537", "schoolType": "Public", "schoolName": "AMB SEC SCHOOL", "date_updated": "2014-01-16T11:13:30.417Z", "phoneNumber": "0241567689", "location": "ACCRA ", "date_added": "2014-01-16T11:13:30.417Z", "postalAddress": "P.O.BOX 12 ACCRA ", "programmes": []}}, {"pk": 1, "model": "biegeFeesApp.branch", "fields": {"tel": "02453233234,023423434", "date_updated": "2014-01-20T14:40:06.672Z", "branch_name": "PANTANG BRANCH", "address": "PANTANG ", "date_added": "2014-01-20T13:38:18.017Z", "added_by": "steve"}}, {"pk": 2, "model": "biegeFeesApp.branch", "fields": {"tel": "021232342323", "date_updated": "2014-01-20T14:39:58.426Z", "branch_name": "ADUM BRANCH", "address": "ADUM KUMASI", "date_added": "2014-01-20T14:38:37.804Z", "added_by": "steve"}}, {"pk": 1, "model": "biegeFeesApp.beigeuser", "fields": {"username": "galore", "first_name": "nana", "last_name": "amamaa", "date_updated": "2014-01-20T14:32:35.363Z", "last_updated_by": "biege", "branch": 1, "mobile_number": "0232312121", "date_added": "2014-01-20T13:40:42.987Z", "email": "st@y.com", "added_by": "biege"}}, {"pk": 2, "model": "biegeFeesApp.beigeuser", "fields": {"username": "Galore", "first_name": "nana-1", "last_name": "amasdna", "date_updated": "2014-01-20T14:33:37.668Z", "last_updated_by": "steve", "branch": 1, "mobile_number": "02321312312", "date_added": "2014-01-20T13:41:42.596Z", "email": "at@y.com", "added_by": "biege"}}, {"pk": 3, "model": "biegeFeesApp.beigeuser", "fields": {"username": "hehe", "first_name": "asdad", "last_name": "hassdh", "date_updated": "2014-01-20T14:33:30.921Z", "last_updated_by": "steve", "branch": 1, "mobile_number": "01231332", "date_added": "2014-01-20T14:32:13.478Z", "email": "aswsh@gmail.com", "added_by": "biege"}}, {"pk": 4, "model": "biegeFeesApp.beigeuser", "fields": {"username": "galore1", "first_name": "yeboah", "last_name": "amponsah", "date_updated": "2014-01-20T15:16:10.551Z", "last_updated_by": null, "branch": 2, "mobile_number": "0232", "date_added": "2014-01-20T15:16:10.551Z", "email": "stephen@y.com", "added_by": null}}, {"pk": 5, "model": "biegeFeesApp.beigeuser", "fields": {"username": "galore2", "first_name": "yeboah", "last_name": "galore", "date_updated": "2014-01-20T15:18:56.529Z", "last_updated_by": "biege", "branch": 1, "mobile_number": "02323", "date_added": "2014-01-20T15:18:56.529Z", "email": "s@gmail.com", "added_by": "biege"}}, {"pk": 6, "model": "biegeFeesApp.beigeuser", "fields": {"username": "galore3", "first_name": "yeboah", "last_name": "galore1", "date_updated": "2014-01-20T15:29:58.247Z", "last_updated_by": "biege", "branch": 1, "mobile_number": "0043232232", "date_added": "2014-01-20T15:29:58.247Z", "email": "ste@j.com", "added_by": "biege"}}, {"pk": 7, "model": "biegeFeesApp.beigeuser", "fields": {"username": "galore4", "first_name": "asdas", "last_name": "asdasd", "date_updated": "2014-01-20T15:33:30.925Z", "last_updated_by": "biege", "branch": 2, "mobile_number": "244", "date_added": "2014-01-20T15:33:30.925Z", "email": "sds@gmail.com", "added_by": "biege"}}, {"pk": 8, "model": "biegeFeesApp.beigeuser", "fields": {"username": "galore5", "first_name": "asasdad", "last_name": "asdasd", "date_updated": "2014-01-20T15:35:56.400Z", "last_updated_by": "biege", "branch": 2, "mobile_number": "0043232223", "date_added": "2014-01-20T15:35:56.400Z", "email": "stasdsdephen@y.com", "added_by": "biege"}}, {"pk": 9, "model": "biegeFeesApp.beigeuser", "fields": {"username": "galore6", "first_name": "stephen k", "last_name": "amponsah k", "date_updated": "2014-01-20T15:38:21.296Z", "last_updated_by": "biege", "branch": 2, "mobile_number": "0232383478", "date_added": "2014-01-20T15:38:21.296Z", "email": "stephen823@y.com", "added_by": "biege"}}, {"pk": 10, "model": "biegeFeesApp.beigeuser", "fields": {"username": "galore7", "first_name": "ffsfd", "last_name": "dsfdsf", "date_updated": "2014-01-20T15:42:25.567Z", "last_updated_by": "biege", "branch": 1, "mobile_number": "004323222", "date_added": "2014-01-20T15:42:25.567Z", "email": "stephasaen@y.com", "added_by": "biege"}}, {"pk": 1, "model": "biegeFeesApp.students", "fields": {"schoolID": 1, "surname": "stephen", "date_added": "2014-01-07T16:08:21.563Z", "date_updated": "2014-01-09T13:34:38.638Z", "gender": "Male", "othername": "amponsah", "contact_Of_Guardian": "", "residential_address": "dsjdhjsds ", "dateOfBirth": "2014-01-01", "studentID": "OWAS298849", "mobile_number": "01223723", "Nationality": "GH", "age": null, "email": "stephen8@gmail.co", "programme": "False"}}, {"pk": 2, "model": "biegeFeesApp.students", "fields": {"schoolID": 1, "surname": "stephen", "date_added": "2014-01-07T16:15:46.921Z", "date_updated": "2014-01-09T13:48:56.042Z", "gender": "Male", "othername": "yaw", "contact_Of_Guardian": "", "residential_address": "", "dateOfBirth": "2013-11-27", "studentID": "OWAS226234", "mobile_number": "0234343242", "Nationality": "GH", "age": null, "email": "stephen@y.coms", "programme": "False"}}, {"pk": 3, "model": "biegeFeesApp.students", "fields": {"schoolID": 1, "surname": "kwabena", "date_added": "2014-01-07T16:16:42.761Z", "date_updated": "2014-01-13T10:29:28.033Z", "gender": "Male", "othername": "STEPHEN KWAKU", "contact_Of_Guardian": "", "residential_address": "", "dateOfBirth": "2013-11-29", "studentID": "OWAS378136", "mobile_number": "0245343233", "Nationality": "GH", "age": null, "email": "st@y.com", "programme": "False"}}, {"pk": 4, "model": "biegeFeesApp.students", "fields": {"schoolID": 2, "surname": "stephen", "date_added": "2014-01-08T15:27:54.666Z", "date_updated": "2014-01-09T13:33:34.931Z", "gender": "Male", "othername": "amponsah", "contact_Of_Guardian": "", "residential_address": " ", "dateOfBirth": "2013-09-06", "studentID": "PREM245241", "mobile_number": "0243442372", "Nationality": "GH", "age": null, "email": "st@ymail.com", "programme": "False"}}, {"pk": 5, "model": "biegeFeesApp.students", "fields": {"schoolID": 2, "surname": "stephen", "date_added": "2014-01-08T15:28:11.296Z", "date_updated": "2014-01-13T10:18:28.180Z", "gender": "Male", "othername": "amponsah", "contact_Of_Guardian": "", "residential_address": "", "dateOfBirth": "2013-09-06", "studentID": "PREM327068", "mobile_number": "0237237723", "Nationality": "GH", "age": null, "email": "s@gmail.com", "programme": "False"}}, {"pk": 7, "model": "biegeFeesApp.students", "fields": {"schoolID": 1, "surname": "stephea", "date_added": "2014-01-13T10:23:07.649Z", "date_updated": "2014-01-13T10:23:07.650Z", "gender": "False", "othername": "asdfasd", "contact_Of_Guardian": null, "residential_address": " ", "dateOfBirth": "2014-01-02", "studentID": "OWAS316769", "mobile_number": "024323", "Nationality": "GH", "age": null, "email": "ster@gmail.com", "programme": "False"}}, {"pk": 8, "model": "biegeFeesApp.students", "fields": {"schoolID": 1, "surname": "stephea", "date_added": "2014-01-13T10:23:18.556Z", "date_updated": "2014-01-13T10:23:18.556Z", "gender": "False", "othername": "asdfasd", "contact_Of_Guardian": null, "residential_address": " ", "dateOfBirth": "2014-01-02", "studentID": "OWAS307179", "mobile_number": "024323", "Nationality": "GH", "age": null, "email": "ster@gmaiiil.com", "programme": "False"}}, {"pk": 9, "model": "biegeFeesApp.students", "fields": {"schoolID": 1, "surname": "yebo", "date_added": "2014-01-13T10:24:43.145Z", "date_updated": "2014-01-13T10:28:51.358Z", "gender": "Male", "othername": "has", "contact_Of_Guardian": "", "residential_address": "", "dateOfBirth": "1999-01-31", "studentID": "OWAS225239", "mobile_number": "023456784", "Nationality": "GH", "age": null, "email": "stave@gmail.com", "programme": "False"}}, {"pk": 10, "model": "biegeFeesApp.students", "fields": {"schoolID": 1, "surname": "stephen", "date_added": "2014-01-13T10:45:27.414Z", "date_updated": "2014-01-13T10:45:27.414Z", "gender": "False", "othername": "ss", "contact_Of_Guardian": null, "residential_address": " ", "dateOfBirth": "2014-01-02", "studentID": "OWAS247777", "mobile_number": "0043288", "Nationality": "GH", "age": null, "email": "s232323@gmail.com", "programme": "False"}}, {"pk": 11, "model": "biegeFeesApp.students", "fields": {"schoolID": 1, "surname": "stephen", "date_added": "2014-01-13T10:57:18.800Z", "date_updated": "2014-01-13T10:57:18.800Z", "gender": "False", "othername": "amponsah", "contact_Of_Guardian": null, "residential_address": " ", "dateOfBirth": "2013-12-31", "studentID": "OWAS247375", "mobile_number": "0234343242", "Nationality": "GH", "age": null, "email": "stsasasephen@y.com", "programme": "False"}}, {"pk": 19, "model": "biegeFeesApp.students", "fields": {"schoolID": 1, "surname": "AMPONSAH", "date_added": "2014-01-15T11:00:47.289Z", "date_updated": "2014-01-15T11:00:47.289Z", "gender": "Male", "othername": "STEPHEN KWAKU", "contact_Of_Guardian": "ahh", "residential_address": null, "dateOfBirth": "1999-01-01", "studentID": "OWAS248542", "mobile_number": null, "Nationality": "GH", "age": null, "email": "stephenaaa@y.com", "programme": null}}, {"pk": 20, "model": "biegeFeesApp.students", "fields": {"schoolID": 1, "surname": "AMPONSAH", "date_added": "2014-01-15T11:08:49.000Z", "date_updated": "2014-01-15T11:08:49.001Z", "gender": "Male", "othername": "STEPHEN KWAKU", "contact_Of_Guardian": "asasadcad", "residential_address": null, "dateOfBirth": "1999-01-01", "studentID": "OWAS296678", "mobile_number": "096565468", "Nationality": "BB", "age": null, "email": "s@jqw.com", "programme": null}}, {"pk": 21, "model": "biegeFeesApp.students", "fields": {"schoolID": 1, "surname": "stephen", "date_added": "2014-01-15T11:12:43.541Z", "date_updated": "2014-01-15T11:13:40.350Z", "gender": "Female", "othername": "amponsahddd", "contact_Of_Guardian": "kjhjgjhfjh", "residential_address": "dsfgdgfdg", "dateOfBirth": "1999-01-01", "studentID": "OWAS115049", "mobile_number": "0689878", "Nationality": "BH", "age": 16, "email": "sttrtrtyr@y.com", "programme": "science"}}, {"pk": 22, "model": "biegeFeesApp.students", "fields": {"schoolID": 1, "surname": "AMPONSAH", "date_added": "2014-01-15T11:25:52.178Z", "date_updated": "2014-01-15T11:25:52.178Z", "gender": "Male", "othername": "STEPHEN KWAKU", "contact_Of_Guardian": "sdsdsd", "residential_address": "asas", "dateOfBirth": "2012-02-09", "studentID": "OWAS347249", "mobile_number": "0237237723", "Nationality": "AF", "age": null, "email": "stephen@y.com", "programme": "science"}}, {"pk": 23, "model": "biegeFeesApp.students", "fields": {"schoolID": 1, "surname": "AMPONSAH", "date_added": "2014-01-15T11:27:26.094Z", "date_updated": "2014-01-15T11:30:46.927Z", "gender": "Male", "othername": "STEPHEN KWAKU", "contact_Of_Guardian": "sdsdsd", "residential_address": "asas", "dateOfBirth": "2010-02-03", "studentID": "OWAS357130", "mobile_number": "0237237723", "Nationality": "AF", "age": 4, "email": "stephetttn@y.com", "programme": "science"}}, {"pk": 24, "model": "biegeFeesApp.students", "fields": {"schoolID": 1, "surname": "AMPONSAH", "date_added": "2014-01-15T11:33:15.740Z", "date_updated": "2014-01-15T11:33:15.740Z", "gender": "Female", "othername": "zs", "contact_Of_Guardian": "asas", "residential_address": "asdsdasd", "dateOfBirth": "2013-06-12", "studentID": "OWAS167856", "mobile_number": "024565388", "Nationality": "AF", "age": null, "email": "stephasasen@y.com", "programme": "science"}}, {"pk": 25, "model": "biegeFeesApp.students", "fields": {"schoolID": 1, "surname": "AMPONSAH", "date_added": "2014-01-15T11:36:26.453Z", "date_updated": "2014-01-15T11:36:26.453Z", "gender": "Male", "othername": "STEPHEN KWAKU", "contact_Of_Guardian": " c sxvsdc", "residential_address": "asdfasdf", "dateOfBirth": null, "studentID": "OWAS245140", "mobile_number": "0237237778", "Nationality": "AF", "age": null, "email": "stepheerrrn@y.com", "programme": "science"}}, {"pk": 26, "model": "biegeFeesApp.students", "fields": {"schoolID": 1, "surname": "AMPONSAH", "date_added": "2014-01-15T12:34:32.081Z", "date_updated": "2014-01-15T12:34:32.081Z", "gender": "Male", "othername": "STEPHEN KWAKU", "contact_Of_Guardian": null, "residential_address": " asas", "dateOfBirth": "2013-02-06", "studentID": "OWAS377547", "mobile_number": "070432322", "Nationality": "AF", "age": null, "email": "steasasn@y.com", "programme": "ewewe"}}, {"pk": 27, "model": "biegeFeesApp.students", "fields": {"schoolID": 1, "surname": "AMPONSAH", "date_added": "2014-01-15T12:38:07.790Z", "date_updated": "2014-01-15T12:38:07.790Z", "gender": "Male", "othername": "asdfasd", "contact_Of_Guardian": null, "residential_address": " asdedqwed", "dateOfBirth": "2014-01-01", "studentID": "OWAS226957", "mobile_number": "00432322232", "Nationality": "AF", "age": null, "email": "stephenasas@y.com", "programme": "science"}}, {"pk": 28, "model": "biegeFeesApp.students", "fields": {"schoolID": 1, "surname": "stephen", "date_added": "2014-01-15T12:56:29.234Z", "date_updated": "2014-01-15T12:56:29.234Z", "gender": "Female", "othername": "amponsah", "contact_Of_Guardian": null, "residential_address": " adsd", "dateOfBirth": "2014-01-01", "studentID": "OWAS276448", "mobile_number": "0043232223", "Nationality": "GH", "age": null, "email": "stephasaen@y.com", "programme": "science"}}, {"pk": 29, "model": "biegeFeesApp.students", "fields": {"schoolID": 1, "surname": "now", "date_added": "2014-01-15T12:57:19.138Z", "date_updated": "2014-01-15T12:57:19.138Z", "gender": "Female", "othername": "asdsdsd", "contact_Of_Guardian": null, "residential_address": " sdsfcd", "dateOfBirth": "2014-01-29", "studentID": "OWAS107055", "mobile_number": "004323225345", "Nationality": "GH", "age": null, "email": "sxsds@j.com", "programme": "ss"}}, {"pk": 30, "model": "biegeFeesApp.students", "fields": {"schoolID": 1, "surname": "sasa", "date_added": "2014-01-15T12:59:42.751Z", "date_updated": "2014-01-15T12:59:42.751Z", "gender": "Male", "othername": "asas", "contact_Of_Guardian": null, "residential_address": " sqdads", "dateOfBirth": "2013-12-31", "studentID": "OWAS197648", "mobile_number": "004323221232", "Nationality": "GH", "age": null, "email": "sas@as.com", "programme": "asdsad"}}, {"pk": 31, "model": "biegeFeesApp.students", "fields": {"schoolID": 1, "surname": "now", "date_added": "2014-01-15T13:00:46.438Z", "date_updated": "2014-01-15T13:00:46.438Z", "gender": "Male", "othername": "iot wrorks", "contact_Of_Guardian": null, "residential_address": " asdad", "dateOfBirth": "2014-01-01", "studentID": "OWAS408456", "mobile_number": "023434324223", "Nationality": "GH", "age": null, "email": "stepsadsdhen@y.com", "programme": "assas"}}, {"pk": 32, "model": "biegeFeesApp.students", "fields": {"schoolID": 1, "surname": "stephen", "date_added": "2014-01-15T13:04:03.813Z", "date_updated": "2014-01-15T13:04:03.813Z", "gender": "Male", "othername": "Jesus", "contact_Of_Guardian": null, "residential_address": " aqa", "dateOfBirth": "2014-01-02", "studentID": "OWAS288766", "mobile_number": "0043232323", "Nationality": "GH", "age": null, "email": "stepasahen@y.com", "programme": "science"}}, {"pk": 33, "model": "biegeFeesApp.students", "fields": {"schoolID": 1, "surname": "AMPONSAH", "date_added": "2014-01-15T13:27:54.477Z", "date_updated": "2014-01-15T13:27:54.477Z", "gender": "Male", "othername": "STEPHEN KWAKU", "contact_Of_Guardian": null, "residential_address": "asdadsad ", "dateOfBirth": "2014-01-01", "studentID": "OWAS356932", "mobile_number": "00433232122", "Nationality": "BD", "age": null, "email": "stsasaephen@y.com", "programme": "asd"}}, {"pk": 34, "model": "biegeFeesApp.students", "fields": {"schoolID": 1, "surname": "AMPONSAH", "date_added": "2014-01-15T14:19:50.834Z", "date_updated": "2014-01-15T14:19:50.834Z", "gender": "Male", "othername": "STEPHEN KWAKU noiw", "contact_Of_Guardian": null, "residential_address": " sdsd", "dateOfBirth": "2014-01-02", "studentID": "OWAS337573", "mobile_number": "004323223434", "Nationality": "GF", "age": null, "email": "stephsdsdsen@y.com", "programme": "GENERAL ARTS"}}, {"pk": 35, "model": "biegeFeesApp.students", "fields": {"schoolID": 1, "surname": "KARLIS", "date_added": "2014-01-22T16:25:19.272Z", "date_updated": "2014-01-22T16:25:19.272Z", "gender": "Male", "othername": "MENSAH", "contact_Of_Guardian": null, "residential_address": " P.O.BOC", "dateOfBirth": "2013-12-04", "studentID": "OWAS379052", "mobile_number": "0232323", "Nationality": "GH", "age": null, "email": "stASAS@y.com", "programme": "GENERAL SCIENCE"}}, {"pk": 1, "model": "biegeFeesApp.feescategory", "fields": {"date_updated": "2014-01-08T10:10:54.636Z", "date_added": "2014-01-08T10:10:54.636Z", "name": "SCHOOL FEES"}}, {"pk": 2, "model": "biegeFeesApp.feescategory", "fields": {"date_updated": "2014-01-24T08:49:51.692Z", "date_added": "2014-01-24T08:49:51.692Z", "name": "PTA DUES"}}, {"pk": 1, "model": "biegeFeesApp.schoolusers", "fields": {"username": "steve1", "School": 1, "last_name": "kojo", "date_updated": "2014-01-09T13:36:29.130Z", "first_name": "asamoah", "mobile_number": "0245653422", "date_added": "2014-01-06T17:20:50.670Z", "email": "a@y.coem"}}, {"pk": 2, "model": "biegeFeesApp.schoolusers", "fields": {"username": "nanas", "School": 2, "last_name": "william", "date_updated": "2014-01-09T13:35:58.190Z", "first_name": "yeboah", "mobile_number": "", "date_added": "2014-01-08T15:26:28.644Z", "email": "aaa@y.com"}}, {"pk": 3, "model": "biegeFeesApp.schoolusers", "fields": {"username": "action1", "School": 3, "last_name": "amp", "date_updated": "2014-01-09T13:54:51.281Z", "first_name": "ste", "mobile_number": null, "date_added": "2014-01-09T13:54:51.281Z", "email": "st@yahoo.com"}}, {"pk": 4, "model": "biegeFeesApp.schoolusers", "fields": {"username": "galore", "School": 1, "last_name": "amponsa", "date_updated": "2014-01-16T10:13:00.753Z", "first_name": "yeaboah", "mobile_number": "03232323", "date_added": "2014-01-16T10:13:00.752Z", "email": "ste@y.com"}}, {"pk": 5, "model": "biegeFeesApp.schoolusers", "fields": {"username": "frimp", "School": 2, "last_name": "ampons", "date_updated": "2014-01-16T10:15:30.504Z", "first_name": "kwaku", "mobile_number": "023232441", "date_added": "2014-01-16T10:15:30.503Z", "email": "st@yaaa.com"}}, {"pk": 6, "model": "biegeFeesApp.schoolusers", "fields": {"username": "kirk", "School": 1, "last_name": "aaaa", "date_updated": "2014-01-16T10:18:21.802Z", "first_name": "ddd", "mobile_number": "02121", "date_added": "2014-01-16T10:18:21.802Z", "email": "sss@t.com"}}, {"pk": 7, "model": "biegeFeesApp.schoolusers", "fields": {"username": "dda", "School": 2, "last_name": "sdf", "date_updated": "2014-01-16T10:24:38.702Z", "first_name": "sdsd", "mobile_number": "07667", "date_added": "2014-01-16T10:24:38.702Z", "email": "asas@y.com"}}, {"pk": 8, "model": "biegeFeesApp.schoolusers", "fields": {"username": "ewewq", "School": 2, "last_name": "sdfsf", "date_updated": "2014-01-16T10:28:15.074Z", "first_name": "sasa", "mobile_number": "05465", "date_added": "2014-01-16T10:28:15.074Z", "email": "sta@yvv.com"}}, {"pk": 9, "model": "biegeFeesApp.schoolusers", "fields": {"username": "werrw2", "School": 1, "last_name": "sdfsdf", "date_updated": "2014-01-16T10:31:58.376Z", "first_name": "dasdsa", "mobile_number": "2323", "date_added": "2014-01-16T10:31:58.376Z", "email": "ada@t.com"}}, {"pk": 10, "model": "biegeFeesApp.schoolusers", "fields": {"username": "amb", "School": 5, "last_name": "LAS", "date_updated": "2014-01-16T11:15:01.445Z", "first_name": "AMP", "mobile_number": "0243443323", "date_added": "2014-01-16T11:15:01.445Z", "email": "aq@yahoo.com"}}, {"pk": 11, "model": "biegeFeesApp.schoolusers", "fields": {"username": "steve2", "School": 1, "last_name": "lasdad", "date_updated": "2014-01-20T15:43:45.075Z", "first_name": "stephen", "mobile_number": "004323222132", "date_added": "2014-01-20T15:43:45.075Z", "email": "stepheadfsdan@y.com"}}, {"pk": 12, "model": "biegeFeesApp.schoolusers", "fields": {"username": "joseph", "School": 4, "last_name": "joseph", "date_updated": "2014-01-24T11:12:09.869Z", "first_name": "kwame", "mobile_number": "0246772874", "date_added": "2014-01-24T11:12:09.869Z", "email": "joseph@yahoo.com"}}, {"pk": 2, "model": "biegeFeesApp.beigetransaction", "fields": {"studentID": 3, "form": "", "date_updated": "2014-01-08T12:40:38.830Z", "otherFeesType": null, "tellerID": "biege", "amount": 544.0, "feesType": 1, "date_added": "2014-01-08T12:40:38.830Z", "transactionID": "BEI250821684TXN"}}, {"pk": 3, "model": "biegeFeesApp.beigetransaction", "fields": {"studentID": 3, "form": "", "date_updated": "2014-01-08T12:42:12.368Z", "otherFeesType": null, "tellerID": "biege", "amount": 5445.0, "feesType": 1, "date_added": "2014-01-08T12:42:12.368Z", "transactionID": "BEI303781672TXN"}}, {"pk": 4, "model": "biegeFeesApp.beigetransaction", "fields": {"studentID": 3, "form": "", "date_updated": "2014-01-08T15:22:49.410Z", "otherFeesType": null, "tellerID": "biege", "amount": 6000.0, "feesType": 1, "date_added": "2014-01-08T15:22:49.410Z", "transactionID": "BEI230539439TXN"}}, {"pk": 5, "model": "biegeFeesApp.beigetransaction", "fields": {"studentID": 5, "form": "", "date_updated": "2014-01-08T15:29:42.630Z", "otherFeesType": null, "tellerID": "biege", "amount": 4434.0, "feesType": 1, "date_added": "2014-01-08T15:29:42.630Z", "transactionID": "BEI112854760TXN"}}, {"pk": 6, "model": "biegeFeesApp.beigetransaction", "fields": {"studentID": 3, "form": "", "date_updated": "2014-01-09T09:50:26.889Z", "otherFeesType": null, "tellerID": "steve1", "amount": 1000.0, "feesType": 1, "date_added": "2014-01-09T09:50:26.889Z", "transactionID": "BEI179754719TXN"}}, {"pk": 7, "model": "biegeFeesApp.beigetransaction", "fields": {"studentID": 5, "form": "", "date_updated": "2014-01-09T10:33:51.306Z", "otherFeesType": null, "tellerID": "steve1", "amount": 300.0, "feesType": 1, "date_added": "2014-01-09T10:33:51.306Z", "transactionID": "BEI185863403TXN"}}, {"pk": 8, "model": "biegeFeesApp.beigetransaction", "fields": {"studentID": 5, "form": "", "date_updated": "2014-01-09T10:36:53.544Z", "otherFeesType": null, "tellerID": "steve1", "amount": 300.0, "feesType": 1, "date_added": "2014-01-09T10:36:53.544Z", "transactionID": "BEI261684333TXN"}}, {"pk": 9, "model": "biegeFeesApp.beigetransaction", "fields": {"studentID": 5, "form": "", "date_updated": "2014-01-09T10:37:22.836Z", "otherFeesType": null, "tellerID": "steve1", "amount": 900.0, "feesType": 1, "date_added": "2014-01-09T10:37:22.836Z", "transactionID": "BEI381656707TXN"}}, {"pk": 10, "model": "biegeFeesApp.beigetransaction", "fields": {"studentID": 5, "form": "", "date_updated": "2014-01-09T10:38:22.395Z", "otherFeesType": null, "tellerID": "steve1", "amount": 9002.0, "feesType": 1, "date_added": "2014-01-09T10:38:22.395Z", "transactionID": "BEI172654515TXN"}}, {"pk": 11, "model": "biegeFeesApp.beigetransaction", "fields": {"studentID": 5, "form": "", "date_updated": "2014-01-09T10:38:37.845Z", "otherFeesType": null, "tellerID": "steve1", "amount": 9003.0, "feesType": 1, "date_added": "2014-01-09T10:38:37.845Z", "transactionID": "BEI240808786TXN"}}, {"pk": 12, "model": "biegeFeesApp.beigetransaction", "fields": {"studentID": 5, "form": "", "date_updated": "2014-01-09T10:40:37.667Z", "otherFeesType": null, "tellerID": "steve1", "amount": 454.0, "feesType": 1, "date_added": "2014-01-09T10:40:37.667Z", "transactionID": "BEI291672547TXN"}}, {"pk": 13, "model": "biegeFeesApp.beigetransaction", "fields": {"studentID": 5, "form": "", "date_updated": "2014-01-09T10:42:32.475Z", "otherFeesType": null, "tellerID": "steve1", "amount": 900.0, "feesType": 1, "date_added": "2014-01-09T10:42:32.475Z", "transactionID": "BEI283741455TXN"}}, {"pk": 14, "model": "biegeFeesApp.beigetransaction", "fields": {"studentID": 5, "form": "", "date_updated": "2014-01-09T12:18:27.468Z", "otherFeesType": null, "tellerID": "steve1", "amount": 200.0, "feesType": 1, "date_added": "2014-01-09T12:18:27.468Z", "transactionID": "BEI226864683TXN"}}, {"pk": 15, "model": "biegeFeesApp.beigetransaction", "fields": {"studentID": 5, "form": "", "date_updated": "2014-01-09T12:48:43.774Z", "otherFeesType": null, "tellerID": "biege", "amount": 44.0, "feesType": 1, "date_added": "2014-01-09T12:48:43.774Z", "transactionID": "BEI231814570TXN"}}, {"pk": 16, "model": "biegeFeesApp.beigetransaction", "fields": {"studentID": 2, "form": "", "date_updated": "2014-01-09T14:02:27.305Z", "otherFeesType": null, "tellerID": "biege", "amount": 433.0, "feesType": 1, "date_added": "2014-01-09T14:02:27.305Z", "transactionID": "BEI230671581TXN"}}, {"pk": 18, "model": "biegeFeesApp.beigetransaction", "fields": {"studentID": 34, "form": "", "date_updated": "2014-01-15T19:05:23.067Z", "otherFeesType": null, "tellerID": "biege", "amount": 200.0, "feesType": 1, "date_added": "2014-01-15T19:05:23.066Z", "transactionID": "BEI351539740TXN"}}, {"pk": 19, "model": "biegeFeesApp.beigetransaction", "fields": {"studentID": 34, "form": "", "date_updated": "2014-01-15T20:48:51.004Z", "otherFeesType": null, "tellerID": "biege", "amount": 444.0, "feesType": 1, "date_added": "2014-01-15T20:48:51.004Z", "transactionID": "BEI371562464TXN"}}, {"pk": 20, "model": "biegeFeesApp.beigetransaction", "fields": {"studentID": 34, "form": "", "date_updated": "2014-01-15T20:52:56.733Z", "otherFeesType": null, "tellerID": "biege", "amount": 888.0, "feesType": 1, "date_added": "2014-01-15T20:52:56.732Z", "transactionID": "BEI268632546TXN"}}, {"pk": 21, "model": "biegeFeesApp.beigetransaction", "fields": {"studentID": 34, "form": "", "date_updated": "2014-01-15T21:08:09.123Z", "otherFeesType": null, "tellerID": "biege", "amount": 888.0, "feesType": 1, "date_added": "2014-01-15T21:08:09.123Z", "transactionID": "BEI336772659TXN"}}, {"pk": 22, "model": "biegeFeesApp.beigetransaction", "fields": {"studentID": 34, "form": "", "date_updated": "2014-01-15T21:13:14.677Z", "otherFeesType": null, "tellerID": "biege", "amount": 65654.0, "feesType": 1, "date_added": "2014-01-15T21:13:14.677Z", "transactionID": "BEI176879595TXN"}}, {"pk": 23, "model": "biegeFeesApp.beigetransaction", "fields": {"studentID": 34, "form": "", "date_updated": "2014-01-15T21:15:58.411Z", "otherFeesType": null, "tellerID": "biege", "amount": 9787.0, "feesType": 1, "date_added": "2014-01-15T21:15:58.411Z", "transactionID": "BEI306663329TXN"}}, {"pk": 24, "model": "biegeFeesApp.beigetransaction", "fields": {"studentID": 34, "form": "", "date_updated": "2014-01-15T21:16:31.947Z", "otherFeesType": null, "tellerID": "biege", "amount": 676.0, "feesType": 1, "date_added": "2014-01-15T21:16:31.947Z", "transactionID": "BEI229831370TXN"}}, {"pk": 25, "model": "biegeFeesApp.beigetransaction", "fields": {"studentID": 34, "form": "", "date_updated": "2014-01-15T21:42:40.071Z", "otherFeesType": null, "tellerID": "biege", "amount": 999.0, "feesType": 1, "date_added": "2014-01-15T21:42:40.071Z", "transactionID": "BEI255562692TXN"}}, {"pk": 26, "model": "biegeFeesApp.beigetransaction", "fields": {"studentID": 34, "form": "", "date_updated": "2014-01-16T11:47:52.765Z", "otherFeesType": null, "tellerID": "biege", "amount": 129.0, "feesType": 1, "date_added": "2014-01-16T11:47:52.765Z", "transactionID": "BEI344551441TXN"}}, {"pk": 27, "model": "biegeFeesApp.beigetransaction", "fields": {"studentID": 34, "form": "", "date_updated": "2014-01-16T11:52:29.238Z", "otherFeesType": null, "tellerID": "biege", "amount": 122.0, "feesType": 1, "date_added": "2014-01-16T11:52:29.238Z", "transactionID": "BEI353712781TXN"}}, {"pk": 28, "model": "biegeFeesApp.beigetransaction", "fields": {"studentID": 34, "form": "", "date_updated": "2014-01-17T10:53:06.679Z", "otherFeesType": null, "tellerID": "biege", "amount": 99.0, "feesType": 1, "date_added": "2014-01-17T10:53:06.679Z", "transactionID": "BEI285770605TXN"}}, {"pk": 29, "model": "biegeFeesApp.beigetransaction", "fields": {"studentID": 34, "form": "", "date_updated": "2014-01-21T11:43:06.429Z", "otherFeesType": null, "tellerID": "biege", "amount": 900.0, "feesType": 1, "date_added": "2014-01-21T11:43:06.429Z", "transactionID": "BEI344561800TXN"}}, {"pk": 30, "model": "biegeFeesApp.beigetransaction", "fields": {"studentID": 34, "form": "", "date_updated": "2014-01-21T11:55:44.805Z", "otherFeesType": null, "tellerID": "biege", "amount": 900.0, "feesType": 1, "date_added": "2014-01-21T11:55:44.805Z", "transactionID": "BEI166899713TXN"}}, {"pk": 31, "model": "biegeFeesApp.beigetransaction", "fields": {"studentID": 25, "form": "", "date_updated": "2014-01-21T13:04:02.230Z", "otherFeesType": null, "tellerID": "biege", "amount": 700.0, "feesType": 1, "date_added": "2014-01-21T13:04:02.229Z", "transactionID": "BEI210808637TXN"}}, {"pk": 32, "model": "biegeFeesApp.beigetransaction", "fields": {"studentID": 4, "form": "", "date_updated": "2014-01-21T13:04:21.696Z", "otherFeesType": null, "tellerID": "biege", "amount": 500.0, "feesType": 1, "date_added": "2014-01-21T13:04:21.696Z", "transactionID": "BEI223685727TXN"}}, {"pk": 33, "model": "biegeFeesApp.beigetransaction", "fields": {"studentID": 4, "form": "", "date_updated": "2014-01-21T14:00:28.404Z", "otherFeesType": null, "tellerID": "biege", "amount": 600.0, "feesType": 1, "date_added": "2014-01-21T14:00:28.404Z", "transactionID": "BEI133628769TXN"}}, {"pk": 34, "model": "biegeFeesApp.beigetransaction", "fields": {"studentID": 7, "form": "", "date_updated": "2014-01-22T11:14:46.460Z", "otherFeesType": null, "tellerID": "biege", "amount": 789.0, "feesType": 1, "date_added": "2014-01-22T11:14:46.460Z", "transactionID": "BEI313616333TXN"}}, {"pk": 35, "model": "biegeFeesApp.beigetransaction", "fields": {"studentID": 1, "form": "", "date_updated": "2014-01-22T15:59:50.075Z", "otherFeesType": null, "tellerID": "biege", "amount": 906.0, "feesType": 1, "date_added": "2014-01-22T15:59:50.075Z", "transactionID": "BEI368737609TXN"}}, {"pk": 36, "model": "biegeFeesApp.beigetransaction", "fields": {"studentID": 1, "form": "", "date_updated": "2014-01-22T16:02:26.602Z", "otherFeesType": null, "tellerID": "biege", "amount": 9000.0, "feesType": 1, "date_added": "2014-01-22T16:02:26.602Z", "transactionID": "BEI281765775TXN"}}, {"pk": 37, "model": "biegeFeesApp.beigetransaction", "fields": {"studentID": 1, "form": "", "date_updated": "2014-01-22T16:19:14.964Z", "otherFeesType": null, "tellerID": "biege", "amount": 770.0, "feesType": 1, "date_added": "2014-01-22T16:19:14.964Z", "transactionID": "BEI203889799TXN"}}, {"pk": 38, "model": "biegeFeesApp.beigetransaction", "fields": {"studentID": 4, "form": "", "date_updated": "2014-01-22T16:19:42.727Z", "otherFeesType": null, "tellerID": "biege", "amount": 400.0, "feesType": 1, "date_added": "2014-01-22T16:19:42.727Z", "transactionID": "BEI309664458TXN"}}, {"pk": 39, "model": "biegeFeesApp.beigetransaction", "fields": {"studentID": 35, "form": "", "date_updated": "2014-01-22T16:26:10.995Z", "otherFeesType": null, "tellerID": "biege", "amount": 900.0, "feesType": 1, "date_added": "2014-01-22T16:26:10.995Z", "transactionID": "BEI378768653TXN"}}, {"pk": 40, "model": "biegeFeesApp.beigetransaction", "fields": {"studentID": 35, "form": "", "date_updated": "2014-01-22T16:27:06.229Z", "otherFeesType": null, "tellerID": "biege", "amount": 400.0, "feesType": 1, "date_added": "2014-01-22T16:27:06.229Z", "transactionID": "BEI165842405TXN"}}, {"pk": 41, "model": "biegeFeesApp.beigetransaction", "fields": {"studentID": 4, "form": "", "date_updated": "2014-01-23T13:56:23.139Z", "otherFeesType": null, "tellerID": "biege", "amount": 6690.0, "feesType": 1, "date_added": "2014-01-23T13:56:23.139Z", "transactionID": "BEI319878382TXN"}}, {"pk": 42, "model": "biegeFeesApp.beigetransaction", "fields": {"studentID": 4, "form": "", "date_updated": "2014-01-23T15:13:17.137Z", "otherFeesType": null, "tellerID": "biege", "amount": 900.0, "feesType": 1, "date_added": "2014-01-23T15:13:17.137Z", "transactionID": "BEI112561474TXN"}}, {"pk": 43, "model": "biegeFeesApp.beigetransaction", "fields": {"studentID": 5, "form": "", "date_updated": "2014-01-23T15:13:50.611Z", "otherFeesType": null, "tellerID": "biege", "amount": 909.0, "feesType": 1, "date_added": "2014-01-23T15:13:50.611Z", "transactionID": "BEI230544321TXN"}}, {"pk": 44, "model": "biegeFeesApp.beigetransaction", "fields": {"studentID": 3, "form": "", "date_updated": "2014-01-23T15:17:41.179Z", "otherFeesType": null, "tellerID": "biege", "amount": 900.0, "feesType": 1, "date_added": "2014-01-23T15:17:41.179Z", "transactionID": "BEI251795343TXN"}}, {"pk": 45, "model": "biegeFeesApp.beigetransaction", "fields": {"studentID": 5, "form": "", "date_updated": "2014-01-23T15:18:52.319Z", "otherFeesType": null, "tellerID": "biege", "amount": 809.0, "feesType": 1, "date_added": "2014-01-23T15:18:52.319Z", "transactionID": "BEI122530766TXN"}}, {"pk": 46, "model": "biegeFeesApp.beigetransaction", "fields": {"studentID": 1, "form": "", "date_updated": "2014-01-23T15:19:48.812Z", "otherFeesType": null, "tellerID": "biege", "amount": 898.0, "feesType": 1, "date_added": "2014-01-23T15:19:48.812Z", "transactionID": "BEI379607412TXN"}}, {"pk": 47, "model": "biegeFeesApp.beigetransaction", "fields": {"studentID": 9, "form": "", "date_updated": "2014-01-23T15:23:05.023Z", "otherFeesType": null, "tellerID": "biege", "amount": 787.0, "feesType": 1, "date_added": "2014-01-23T15:23:05.023Z", "transactionID": "BEI288762303TXN"}}, {"pk": 48, "model": "biegeFeesApp.beigetransaction", "fields": {"studentID": 8, "form": "", "date_updated": "2014-01-23T15:27:15.217Z", "otherFeesType": null, "tellerID": "biege", "amount": 800.0, "feesType": 1, "date_added": "2014-01-23T15:27:15.217Z", "transactionID": "BEI152806333TXN"}}, {"pk": 49, "model": "biegeFeesApp.beigetransaction", "fields": {"studentID": 5, "form": "", "date_updated": "2014-01-23T15:28:39.903Z", "otherFeesType": null, "tellerID": "biege", "amount": 898.0, "feesType": 1, "date_added": "2014-01-23T15:28:39.903Z", "transactionID": "BEI396899652TXN"}}, {"pk": 50, "model": "biegeFeesApp.beigetransaction", "fields": {"studentID": 2, "form": "", "date_updated": "2014-01-23T15:30:35.245Z", "otherFeesType": null, "tellerID": "biege", "amount": 455.0, "feesType": 1, "date_added": "2014-01-23T15:30:35.245Z", "transactionID": "BEI367688780TXN"}}, {"pk": 51, "model": "biegeFeesApp.beigetransaction", "fields": {"studentID": 2, "form": "", "date_updated": "2014-01-23T15:33:36.852Z", "otherFeesType": null, "tellerID": "biege", "amount": 554.0, "feesType": 1, "date_added": "2014-01-23T15:33:36.852Z", "transactionID": "BEI171635712TXN"}}, {"pk": 52, "model": "biegeFeesApp.beigetransaction", "fields": {"studentID": 5, "form": "", "date_updated": "2014-01-23T15:34:07.526Z", "otherFeesType": null, "tellerID": "biege", "amount": 6557.0, "feesType": 1, "date_added": "2014-01-23T15:34:07.526Z", "transactionID": "BEI138714630TXN"}}, {"pk": 53, "model": "biegeFeesApp.beigetransaction", "fields": {"studentID": 5, "form": "", "date_updated": "2014-01-23T15:35:30.795Z", "otherFeesType": null, "tellerID": "biege", "amount": 2323.0, "feesType": 1, "date_added": "2014-01-23T15:35:30.795Z", "transactionID": "BEI203724728TXN"}}, {"pk": 54, "model": "biegeFeesApp.beigetransaction", "fields": {"studentID": 5, "form": "", "date_updated": "2014-01-23T15:37:54.351Z", "otherFeesType": null, "tellerID": "biege", "amount": 808.0, "feesType": 1, "date_added": "2014-01-23T15:37:54.351Z", "transactionID": "BEI351653354TXN"}}, {"pk": 55, "model": "biegeFeesApp.beigetransaction", "fields": {"studentID": 5, "form": "", "date_updated": "2014-01-23T15:38:24.901Z", "otherFeesType": null, "tellerID": "biege", "amount": 677.0, "feesType": 1, "date_added": "2014-01-23T15:38:24.901Z", "transactionID": "BEI389539447TXN"}}, {"pk": 56, "model": "biegeFeesApp.beigetransaction", "fields": {"studentID": 5, "form": "", "date_updated": "2014-01-23T15:38:36.951Z", "otherFeesType": null, "tellerID": "biege", "amount": 7768.0, "feesType": 1, "date_added": "2014-01-23T15:38:36.951Z", "transactionID": "BEI164534502TXN"}}, {"pk": 57, "model": "biegeFeesApp.beigetransaction", "fields": {"studentID": 8, "form": "", "date_updated": "2014-01-23T15:40:33.612Z", "otherFeesType": null, "tellerID": "biege", "amount": 3434.0, "feesType": 1, "date_added": "2014-01-23T15:40:33.612Z", "transactionID": "BEI238500681TXN"}}, {"pk": 58, "model": "biegeFeesApp.beigetransaction", "fields": {"studentID": 8, "form": "", "date_updated": "2014-01-23T15:40:54.728Z", "otherFeesType": null, "tellerID": "biege", "amount": 322.0, "feesType": 1, "date_added": "2014-01-23T15:40:54.728Z", "transactionID": "BEI324899543TXN"}}, {"pk": 59, "model": "biegeFeesApp.beigetransaction", "fields": {"studentID": 19, "form": "", "date_updated": "2014-01-23T15:41:49.944Z", "otherFeesType": null, "tellerID": "biege", "amount": 900.0, "feesType": 1, "date_added": "2014-01-23T15:41:49.944Z", "transactionID": "BEI203865547TXN"}}, {"pk": 60, "model": "biegeFeesApp.beigetransaction", "fields": {"studentID": 19, "form": "", "date_updated": "2014-01-23T15:42:39.464Z", "otherFeesType": null, "tellerID": "biege", "amount": 900.0, "feesType": 1, "date_added": "2014-01-23T15:42:39.464Z", "transactionID": "BEI281632715TXN"}}, {"pk": 61, "model": "biegeFeesApp.beigetransaction", "fields": {"studentID": 19, "form": "", "date_updated": "2014-01-23T15:44:16.271Z", "otherFeesType": null, "tellerID": "biege", "amount": 99000.0, "feesType": 1, "date_added": "2014-01-23T15:44:16.271Z", "transactionID": "BEI324702331TXN"}}, {"pk": 62, "model": "biegeFeesApp.beigetransaction", "fields": {"studentID": 19, "form": "", "date_updated": "2014-01-23T15:44:17.364Z", "otherFeesType": null, "tellerID": "biege", "amount": 99000.0, "feesType": 1, "date_added": "2014-01-23T15:44:17.364Z", "transactionID": "BEI210606756TXN"}}, {"pk": 63, "model": "biegeFeesApp.beigetransaction", "fields": {"studentID": 4, "form": "", "date_updated": "2014-01-23T15:56:17.365Z", "otherFeesType": null, "tellerID": "biege", "amount": 8777.0, "feesType": 1, "date_added": "2014-01-23T15:56:17.365Z", "transactionID": "BEI399607503TXN"}}, {"pk": 64, "model": "biegeFeesApp.beigetransaction", "fields": {"studentID": 4, "form": "", "date_updated": "2014-01-23T16:01:35.185Z", "otherFeesType": null, "tellerID": "biege", "amount": 700.0, "feesType": 1, "date_added": "2014-01-23T16:01:35.185Z", "transactionID": "BEI230792393TXN"}}, {"pk": 65, "model": "biegeFeesApp.beigetransaction", "fields": {"studentID": 4, "form": "", "date_updated": "2014-01-23T16:01:51.503Z", "otherFeesType": null, "tellerID": "biege", "amount": 799.0, "feesType": 1, "date_added": "2014-01-23T16:01:51.503Z", "transactionID": "BEI114584529TXN"}}, {"pk": 66, "model": "biegeFeesApp.beigetransaction", "fields": {"studentID": 4, "form": "", "date_updated": "2014-01-23T16:07:01.773Z", "otherFeesType": null, "tellerID": "biege", "amount": 788.0, "feesType": 1, "date_added": "2014-01-23T16:07:01.772Z", "transactionID": "BEI111753566TXN"}}, {"pk": 67, "model": "biegeFeesApp.beigetransaction", "fields": {"studentID": 7, "form": "", "date_updated": "2014-01-23T16:09:41.897Z", "otherFeesType": null, "tellerID": "biege", "amount": 999.0, "feesType": 1, "date_added": "2014-01-23T16:09:41.897Z", "transactionID": "BEI102606592TXN"}}, {"pk": 68, "model": "biegeFeesApp.beigetransaction", "fields": {"studentID": 1, "form": "", "date_updated": "2014-01-24T08:35:21.116Z", "otherFeesType": null, "tellerID": "biege", "amount": 566.0, "feesType": 1, "date_added": "2014-01-24T08:35:21.115Z", "transactionID": "BEI109562780TXN"}}, {"pk": 69, "model": "biegeFeesApp.beigetransaction", "fields": {"studentID": 1, "form": "", "date_updated": "2014-01-24T08:40:05.203Z", "otherFeesType": null, "tellerID": "biege", "amount": 33.0, "feesType": 1, "date_added": "2014-01-24T08:40:05.203Z", "transactionID": "BEI263795696TXN"}}, {"pk": 70, "model": "biegeFeesApp.beigetransaction", "fields": {"studentID": 1, "form": "", "date_updated": "2014-01-24T08:42:55.642Z", "otherFeesType": null, "tellerID": "biege", "amount": 33.0, "feesType": 1, "date_added": "2014-01-24T08:42:55.642Z", "transactionID": "BEI323733348TXN"}}, {"pk": 71, "model": "biegeFeesApp.beigetransaction", "fields": {"studentID": 1, "form": "", "date_updated": "2014-01-24T08:46:40.000Z", "otherFeesType": null, "tellerID": "biege", "amount": 33.0, "feesType": 1, "date_added": "2014-01-24T08:46:40.000Z", "transactionID": "BEI394593669TXN"}}, {"pk": 72, "model": "biegeFeesApp.beigetransaction", "fields": {"studentID": 1, "form": "", "date_updated": "2014-01-24T08:50:28.461Z", "otherFeesType": null, "tellerID": "biege", "amount": 33.0, "feesType": 1, "date_added": "2014-01-24T08:50:28.461Z", "transactionID": "BEI314849646TXN"}}, {"pk": 73, "model": "biegeFeesApp.beigetransaction", "fields": {"studentID": 1, "form": "", "date_updated": "2014-01-24T08:52:49.601Z", "otherFeesType": null, "tellerID": "biege", "amount": 900.0, "feesType": 1, "date_added": "2014-01-24T08:52:49.601Z", "transactionID": "BEI208862378TXN"}}, {"pk": 74, "model": "biegeFeesApp.beigetransaction", "fields": {"studentID": 1, "form": "", "date_updated": "2014-01-24T09:06:20.476Z", "otherFeesType": null, "tellerID": "biege", "amount": 999.0, "feesType": 1, "date_added": "2014-01-24T09:06:20.476Z", "transactionID": "BEI263530377TXN"}}, {"pk": 75, "model": "biegeFeesApp.beigetransaction", "fields": {"studentID": 1, "form": "", "date_updated": "2014-01-24T09:06:34.216Z", "otherFeesType": null, "tellerID": "biege", "amount": 5444.0, "feesType": 2, "date_added": "2014-01-24T09:06:34.216Z", "transactionID": "BEI222779441TXN"}}, {"pk": 76, "model": "biegeFeesApp.beigetransaction", "fields": {"studentID": 1, "form": "", "date_updated": "2014-01-24T09:10:54.786Z", "otherFeesType": null, "tellerID": "biege", "amount": 555.0, "feesType": 1, "date_added": "2014-01-24T09:10:54.786Z", "transactionID": "BEI130732390TXN"}}, {"pk": 77, "model": "biegeFeesApp.beigetransaction", "fields": {"studentID": 1, "form": "", "date_updated": "2014-01-24T09:12:07.921Z", "otherFeesType": null, "tellerID": "biege", "amount": 123.0, "feesType": 1, "date_added": "2014-01-24T09:12:07.921Z", "transactionID": "BEI140779351TXN"}}, {"pk": 78, "model": "biegeFeesApp.beigetransaction", "fields": {"studentID": 1, "form": "", "date_updated": "2014-01-24T09:13:45.758Z", "otherFeesType": null, "tellerID": "biege", "amount": 123.0, "feesType": 1, "date_added": "2014-01-24T09:13:45.758Z", "transactionID": "BEI153537685TXN"}}, {"pk": 79, "model": "biegeFeesApp.beigetransaction", "fields": {"studentID": 1, "form": "", "date_updated": "2014-01-24T09:22:34.204Z", "otherFeesType": null, "tellerID": "biege", "amount": 45.6, "feesType": 1, "date_added": "2014-01-24T09:22:34.204Z", "transactionID": "BEI126738529TXN"}}, {"pk": 80, "model": "biegeFeesApp.beigetransaction", "fields": {"studentID": 1, "form": "", "date_updated": "2014-01-24T09:32:03.005Z", "otherFeesType": null, "tellerID": "biege", "amount": 454.89, "feesType": 1, "date_added": "2014-01-24T09:32:03.005Z", "transactionID": "BEI225652310TXN"}}, {"pk": 81, "model": "biegeFeesApp.beigetransaction", "fields": {"studentID": 35, "form": "", "date_updated": "2014-01-24T10:55:25.076Z", "otherFeesType": null, "tellerID": "biege", "amount": 800.0, "feesType": 1, "date_added": "2014-01-24T10:55:25.076Z", "transactionID": "BEI174890784TXN"}}, {"pk": 82, "model": "biegeFeesApp.beigetransaction", "fields": {"studentID": 1, "form": "", "date_updated": "2014-01-24T10:57:05.424Z", "otherFeesType": null, "tellerID": "biege", "amount": 900.0, "feesType": 2, "date_added": "2014-01-24T10:57:05.424Z", "transactionID": "BEI351569442TXN"}}, {"pk": 83, "model": "biegeFeesApp.beigetransaction", "fields": {"studentID": 1, "form": "", "date_updated": "2014-01-24T11:54:49.339Z", "otherFeesType": null, "tellerID": "biege", "amount": 600.0, "feesType": 1, "date_added": "2014-01-24T11:54:49.339Z", "transactionID": "BEI283505710TXN"}}, {"pk": 84, "model": "biegeFeesApp.beigetransaction", "fields": {"studentID": 1, "form": "", "date_updated": "2014-01-27T11:36:25.245Z", "otherFeesType": null, "tellerID": "biege", "amount": 322.0, "feesType": 1, "date_added": "2014-01-27T11:36:25.245Z", "transactionID": "BEI316599327TXN"}}, {"pk": 85, "model": "biegeFeesApp.beigetransaction", "fields": {"studentID": 1, "form": "", "date_updated": "2014-01-27T11:36:51.599Z", "otherFeesType": null, "tellerID": "biege", "amount": 3324.0, "feesType": 1, "date_added": "2014-01-27T11:36:51.599Z", "transactionID": "BEI358731313TXN"}}]